,State County FIPS,Postal Code,Name,Median Household Income,Year
1988,"38 , 1",ND,Adams County,31003,2003
1989,"38 , 3",ND,Barnes County,36475,2003
1990,"38 , 5",ND,Benson County,29385,2003
1991,"38 , 7",ND,Billings County,36480,2003
1992,"38 , 9",ND,Bottineau County,38280,2003
1993,"38 , 11",ND,Bowman County,38520,2003
1994,"38 , 13",ND,Burke County,32060,2003
1995,"38 , 15",ND,Burleigh County,45704,2003
1996,"38 , 17",ND,Cass County,43464,2003
1997,"38 , 19",ND,Cavalier County,37026,2003
1998,"38 , 21",ND,Dickey County,34001,2003
1999,"38 , 23",ND,Divide County,30963,2003
2000,"38 , 25",ND,Dunn County,32783,2003
2001,"38 , 27",ND,Eddy County,33069,2003
2002,"38 , 29",ND,Emmons County,28825,2003
2003,"38 , 31",ND,Foster County,37931,2003
2004,"38 , 33",ND,Golden Valley County,31921,2003
2005,"38 , 35",ND,Grand Forks County,38796,2003
2006,"38 , 37",ND,Grant County,26491,2003
2007,"38 , 39",ND,Griggs County,34773,2003
2008,"38 , 41",ND,Hettinger County,32296,2003
2009,"38 , 43",ND,Kidder County,28659,2003
2010,"38 , 45",ND,LaMoure County,36750,2003
2011,"38 , 47",ND,Logan County,30919,2003
2012,"38 , 49",ND,McHenry County,31719,2003
2013,"38 , 51",ND,McIntosh County,29149,2003
2014,"38 , 53",ND,McKenzie County,31259,2003
2015,"38 , 55",ND,McLean County,36823,2003
2016,"38 , 57",ND,Mercer County,51488,2003
2017,"38 , 59",ND,Morton County,40970,2003
2018,"38 , 61",ND,Mountrail County,32235,2003
2019,"38 , 63",ND,Nelson County,32429,2003
2020,"38 , 65",ND,Oliver County,42565,2003
2021,"38 , 67",ND,Pembina County,39184,2003
2022,"38 , 69",ND,Pierce County,30461,2003
2023,"38 , 71",ND,Ramsey County,36606,2003
2024,"38 , 73",ND,Ransom County,42187,2003
2025,"38 , 75",ND,Renville County,40357,2003
2026,"38 , 77",ND,Richland County,38990,2003
2027,"38 , 79",ND,Rolette County,27812,2003
2028,"38 , 81",ND,Sargent County,42773,2003
2029,"38 , 83",ND,Sheridan County,28031,2003
2030,"38 , 85",ND,Sioux County,24627,2003
2031,"38 , 87",ND,Slope County,27532,2003
2032,"38 , 89",ND,Stark County,37044,2003
2033,"38 , 91",ND,Steele County,44293,2003
2034,"38 , 93",ND,Stutsman County,37153,2003
2035,"38 , 95",ND,Towner County,37573,2003
2036,"38 , 97",ND,Traill County,41019,2003
2037,"38 , 99",ND,Walsh County,35930,2003
2038,"38 , 101",ND,Ward County,38388,2003
2039,"38 , 103",ND,Wells County,35745,2003
2040,"38 , 105",ND,Williams County,36452,2003
1988,"38 , 1",ND,Adams County,31003,2004
1989,"38 , 3",ND,Barnes County,36475,2004
1990,"38 , 5",ND,Benson County,29385,2004
1991,"38 , 7",ND,Billings County,36480,2004
1992,"38 , 9",ND,Bottineau County,38280,2004
1993,"38 , 11",ND,Bowman County,38520,2004
1994,"38 , 13",ND,Burke County,32060,2004
1995,"38 , 15",ND,Burleigh County,45704,2004
1996,"38 , 17",ND,Cass County,43464,2004
1997,"38 , 19",ND,Cavalier County,37026,2004
1998,"38 , 21",ND,Dickey County,34001,2004
1999,"38 , 23",ND,Divide County,30963,2004
2000,"38 , 25",ND,Dunn County,32783,2004
2001,"38 , 27",ND,Eddy County,33069,2004
2002,"38 , 29",ND,Emmons County,28825,2004
2003,"38 , 31",ND,Foster County,37931,2004
2004,"38 , 33",ND,Golden Valley County,31921,2004
2005,"38 , 35",ND,Grand Forks County,38796,2004
2006,"38 , 37",ND,Grant County,26491,2004
2007,"38 , 39",ND,Griggs County,34773,2004
2008,"38 , 41",ND,Hettinger County,32296,2004
2009,"38 , 43",ND,Kidder County,28659,2004
2010,"38 , 45",ND,LaMoure County,36750,2004
2011,"38 , 47",ND,Logan County,30919,2004
2012,"38 , 49",ND,McHenry County,31719,2004
2013,"38 , 51",ND,McIntosh County,29149,2004
2014,"38 , 53",ND,McKenzie County,31259,2004
2015,"38 , 55",ND,McLean County,36823,2004
2016,"38 , 57",ND,Mercer County,51488,2004
2017,"38 , 59",ND,Morton County,40970,2004
2018,"38 , 61",ND,Mountrail County,32235,2004
2019,"38 , 63",ND,Nelson County,32429,2004
2020,"38 , 65",ND,Oliver County,42565,2004
2021,"38 , 67",ND,Pembina County,39184,2004
2022,"38 , 69",ND,Pierce County,30461,2004
2023,"38 , 71",ND,Ramsey County,36606,2004
2024,"38 , 73",ND,Ransom County,42187,2004
2025,"38 , 75",ND,Renville County,40357,2004
2026,"38 , 77",ND,Richland County,38990,2004
2027,"38 , 79",ND,Rolette County,27812,2004
2028,"38 , 81",ND,Sargent County,42773,2004
2029,"38 , 83",ND,Sheridan County,28031,2004
2030,"38 , 85",ND,Sioux County,24627,2004
2031,"38 , 87",ND,Slope County,27532,2004
2032,"38 , 89",ND,Stark County,37044,2004
2033,"38 , 91",ND,Steele County,44293,2004
2034,"38 , 93",ND,Stutsman County,37153,2004
2035,"38 , 95",ND,Towner County,37573,2004
2036,"38 , 97",ND,Traill County,41019,2004
2037,"38 , 99",ND,Walsh County,35930,2004
2038,"38 , 101",ND,Ward County,38388,2004
2039,"38 , 103",ND,Wells County,35745,2004
2040,"38 , 105",ND,Williams County,36452,2004
1988,"38 , 1",ND,Adams County,31003,2005
1989,"38 , 3",ND,Barnes County,36475,2005
1990,"38 , 5",ND,Benson County,29385,2005
1991,"38 , 7",ND,Billings County,36480,2005
1992,"38 , 9",ND,Bottineau County,38280,2005
1993,"38 , 11",ND,Bowman County,38520,2005
1994,"38 , 13",ND,Burke County,32060,2005
1995,"38 , 15",ND,Burleigh County,45704,2005
1996,"38 , 17",ND,Cass County,43464,2005
1997,"38 , 19",ND,Cavalier County,37026,2005
1998,"38 , 21",ND,Dickey County,34001,2005
1999,"38 , 23",ND,Divide County,30963,2005
2000,"38 , 25",ND,Dunn County,32783,2005
2001,"38 , 27",ND,Eddy County,33069,2005
2002,"38 , 29",ND,Emmons County,28825,2005
2003,"38 , 31",ND,Foster County,37931,2005
2004,"38 , 33",ND,Golden Valley County,31921,2005
2005,"38 , 35",ND,Grand Forks County,38796,2005
2006,"38 , 37",ND,Grant County,26491,2005
2007,"38 , 39",ND,Griggs County,34773,2005
2008,"38 , 41",ND,Hettinger County,32296,2005
2009,"38 , 43",ND,Kidder County,28659,2005
2010,"38 , 45",ND,LaMoure County,36750,2005
2011,"38 , 47",ND,Logan County,30919,2005
2012,"38 , 49",ND,McHenry County,31719,2005
2013,"38 , 51",ND,McIntosh County,29149,2005
2014,"38 , 53",ND,McKenzie County,31259,2005
2015,"38 , 55",ND,McLean County,36823,2005
2016,"38 , 57",ND,Mercer County,51488,2005
2017,"38 , 59",ND,Morton County,40970,2005
2018,"38 , 61",ND,Mountrail County,32235,2005
2019,"38 , 63",ND,Nelson County,32429,2005
2020,"38 , 65",ND,Oliver County,42565,2005
2021,"38 , 67",ND,Pembina County,39184,2005
2022,"38 , 69",ND,Pierce County,30461,2005
2023,"38 , 71",ND,Ramsey County,36606,2005
2024,"38 , 73",ND,Ransom County,42187,2005
2025,"38 , 75",ND,Renville County,40357,2005
2026,"38 , 77",ND,Richland County,38990,2005
2027,"38 , 79",ND,Rolette County,27812,2005
2028,"38 , 81",ND,Sargent County,42773,2005
2029,"38 , 83",ND,Sheridan County,28031,2005
2030,"38 , 85",ND,Sioux County,24627,2005
2031,"38 , 87",ND,Slope County,27532,2005
2032,"38 , 89",ND,Stark County,37044,2005
2033,"38 , 91",ND,Steele County,44293,2005
2034,"38 , 93",ND,Stutsman County,37153,2005
2035,"38 , 95",ND,Towner County,37573,2005
2036,"38 , 97",ND,Traill County,41019,2005
2037,"38 , 99",ND,Walsh County,35930,2005
2038,"38 , 101",ND,Ward County,38388,2005
2039,"38 , 103",ND,Wells County,35745,2005
2040,"38 , 105",ND,Williams County,36452,2005
1988,"38 , 1",ND,Adams County,31003,2006
1989,"38 , 3",ND,Barnes County,36475,2006
1990,"38 , 5",ND,Benson County,29385,2006
1991,"38 , 7",ND,Billings County,36480,2006
1992,"38 , 9",ND,Bottineau County,38280,2006
1993,"38 , 11",ND,Bowman County,38520,2006
1994,"38 , 13",ND,Burke County,32060,2006
1995,"38 , 15",ND,Burleigh County,45704,2006
1996,"38 , 17",ND,Cass County,43464,2006
1997,"38 , 19",ND,Cavalier County,37026,2006
1998,"38 , 21",ND,Dickey County,34001,2006
1999,"38 , 23",ND,Divide County,30963,2006
2000,"38 , 25",ND,Dunn County,32783,2006
2001,"38 , 27",ND,Eddy County,33069,2006
2002,"38 , 29",ND,Emmons County,28825,2006
2003,"38 , 31",ND,Foster County,37931,2006
2004,"38 , 33",ND,Golden Valley County,31921,2006
2005,"38 , 35",ND,Grand Forks County,38796,2006
2006,"38 , 37",ND,Grant County,26491,2006
2007,"38 , 39",ND,Griggs County,34773,2006
2008,"38 , 41",ND,Hettinger County,32296,2006
2009,"38 , 43",ND,Kidder County,28659,2006
2010,"38 , 45",ND,LaMoure County,36750,2006
2011,"38 , 47",ND,Logan County,30919,2006
2012,"38 , 49",ND,McHenry County,31719,2006
2013,"38 , 51",ND,McIntosh County,29149,2006
2014,"38 , 53",ND,McKenzie County,31259,2006
2015,"38 , 55",ND,McLean County,36823,2006
2016,"38 , 57",ND,Mercer County,51488,2006
2017,"38 , 59",ND,Morton County,40970,2006
2018,"38 , 61",ND,Mountrail County,32235,2006
2019,"38 , 63",ND,Nelson County,32429,2006
2020,"38 , 65",ND,Oliver County,42565,2006
2021,"38 , 67",ND,Pembina County,39184,2006
2022,"38 , 69",ND,Pierce County,30461,2006
2023,"38 , 71",ND,Ramsey County,36606,2006
2024,"38 , 73",ND,Ransom County,42187,2006
2025,"38 , 75",ND,Renville County,40357,2006
2026,"38 , 77",ND,Richland County,38990,2006
2027,"38 , 79",ND,Rolette County,27812,2006
2028,"38 , 81",ND,Sargent County,42773,2006
2029,"38 , 83",ND,Sheridan County,28031,2006
2030,"38 , 85",ND,Sioux County,24627,2006
2031,"38 , 87",ND,Slope County,27532,2006
2032,"38 , 89",ND,Stark County,37044,2006
2033,"38 , 91",ND,Steele County,44293,2006
2034,"38 , 93",ND,Stutsman County,37153,2006
2035,"38 , 95",ND,Towner County,37573,2006
2036,"38 , 97",ND,Traill County,41019,2006
2037,"38 , 99",ND,Walsh County,35930,2006
2038,"38 , 101",ND,Ward County,38388,2006
2039,"38 , 103",ND,Wells County,35745,2006
2040,"38 , 105",ND,Williams County,36452,2006
1988,"38 , 1",ND,Adams County,31003,2007
1989,"38 , 3",ND,Barnes County,36475,2007
1990,"38 , 5",ND,Benson County,29385,2007
1991,"38 , 7",ND,Billings County,36480,2007
1992,"38 , 9",ND,Bottineau County,38280,2007
1993,"38 , 11",ND,Bowman County,38520,2007
1994,"38 , 13",ND,Burke County,32060,2007
1995,"38 , 15",ND,Burleigh County,45704,2007
1996,"38 , 17",ND,Cass County,43464,2007
1997,"38 , 19",ND,Cavalier County,37026,2007
1998,"38 , 21",ND,Dickey County,34001,2007
1999,"38 , 23",ND,Divide County,30963,2007
2000,"38 , 25",ND,Dunn County,32783,2007
2001,"38 , 27",ND,Eddy County,33069,2007
2002,"38 , 29",ND,Emmons County,28825,2007
2003,"38 , 31",ND,Foster County,37931,2007
2004,"38 , 33",ND,Golden Valley County,31921,2007
2005,"38 , 35",ND,Grand Forks County,38796,2007
2006,"38 , 37",ND,Grant County,26491,2007
2007,"38 , 39",ND,Griggs County,34773,2007
2008,"38 , 41",ND,Hettinger County,32296,2007
2009,"38 , 43",ND,Kidder County,28659,2007
2010,"38 , 45",ND,LaMoure County,36750,2007
2011,"38 , 47",ND,Logan County,30919,2007
2012,"38 , 49",ND,McHenry County,31719,2007
2013,"38 , 51",ND,McIntosh County,29149,2007
2014,"38 , 53",ND,McKenzie County,31259,2007
2015,"38 , 55",ND,McLean County,36823,2007
2016,"38 , 57",ND,Mercer County,51488,2007
2017,"38 , 59",ND,Morton County,40970,2007
2018,"38 , 61",ND,Mountrail County,32235,2007
2019,"38 , 63",ND,Nelson County,32429,2007
2020,"38 , 65",ND,Oliver County,42565,2007
2021,"38 , 67",ND,Pembina County,39184,2007
2022,"38 , 69",ND,Pierce County,30461,2007
2023,"38 , 71",ND,Ramsey County,36606,2007
2024,"38 , 73",ND,Ransom County,42187,2007
2025,"38 , 75",ND,Renville County,40357,2007
2026,"38 , 77",ND,Richland County,38990,2007
2027,"38 , 79",ND,Rolette County,27812,2007
2028,"38 , 81",ND,Sargent County,42773,2007
2029,"38 , 83",ND,Sheridan County,28031,2007
2030,"38 , 85",ND,Sioux County,24627,2007
2031,"38 , 87",ND,Slope County,27532,2007
2032,"38 , 89",ND,Stark County,37044,2007
2033,"38 , 91",ND,Steele County,44293,2007
2034,"38 , 93",ND,Stutsman County,37153,2007
2035,"38 , 95",ND,Towner County,37573,2007
2036,"38 , 97",ND,Traill County,41019,2007
2037,"38 , 99",ND,Walsh County,35930,2007
2038,"38 , 101",ND,Ward County,38388,2007
2039,"38 , 103",ND,Wells County,35745,2007
2040,"38 , 105",ND,Williams County,36452,2007
1988,"38 , 1",ND,Adams County,31003,2008
1989,"38 , 3",ND,Barnes County,36475,2008
1990,"38 , 5",ND,Benson County,29385,2008
1991,"38 , 7",ND,Billings County,36480,2008
1992,"38 , 9",ND,Bottineau County,38280,2008
1993,"38 , 11",ND,Bowman County,38520,2008
1994,"38 , 13",ND,Burke County,32060,2008
1995,"38 , 15",ND,Burleigh County,45704,2008
1996,"38 , 17",ND,Cass County,43464,2008
1997,"38 , 19",ND,Cavalier County,37026,2008
1998,"38 , 21",ND,Dickey County,34001,2008
1999,"38 , 23",ND,Divide County,30963,2008
2000,"38 , 25",ND,Dunn County,32783,2008
2001,"38 , 27",ND,Eddy County,33069,2008
2002,"38 , 29",ND,Emmons County,28825,2008
2003,"38 , 31",ND,Foster County,37931,2008
2004,"38 , 33",ND,Golden Valley County,31921,2008
2005,"38 , 35",ND,Grand Forks County,38796,2008
2006,"38 , 37",ND,Grant County,26491,2008
2007,"38 , 39",ND,Griggs County,34773,2008
2008,"38 , 41",ND,Hettinger County,32296,2008
2009,"38 , 43",ND,Kidder County,28659,2008
2010,"38 , 45",ND,LaMoure County,36750,2008
2011,"38 , 47",ND,Logan County,30919,2008
2012,"38 , 49",ND,McHenry County,31719,2008
2013,"38 , 51",ND,McIntosh County,29149,2008
2014,"38 , 53",ND,McKenzie County,31259,2008
2015,"38 , 55",ND,McLean County,36823,2008
2016,"38 , 57",ND,Mercer County,51488,2008
2017,"38 , 59",ND,Morton County,40970,2008
2018,"38 , 61",ND,Mountrail County,32235,2008
2019,"38 , 63",ND,Nelson County,32429,2008
2020,"38 , 65",ND,Oliver County,42565,2008
2021,"38 , 67",ND,Pembina County,39184,2008
2022,"38 , 69",ND,Pierce County,30461,2008
2023,"38 , 71",ND,Ramsey County,36606,2008
2024,"38 , 73",ND,Ransom County,42187,2008
2025,"38 , 75",ND,Renville County,40357,2008
2026,"38 , 77",ND,Richland County,38990,2008
2027,"38 , 79",ND,Rolette County,27812,2008
2028,"38 , 81",ND,Sargent County,42773,2008
2029,"38 , 83",ND,Sheridan County,28031,2008
2030,"38 , 85",ND,Sioux County,24627,2008
2031,"38 , 87",ND,Slope County,27532,2008
2032,"38 , 89",ND,Stark County,37044,2008
2033,"38 , 91",ND,Steele County,44293,2008
2034,"38 , 93",ND,Stutsman County,37153,2008
2035,"38 , 95",ND,Towner County,37573,2008
2036,"38 , 97",ND,Traill County,41019,2008
2037,"38 , 99",ND,Walsh County,35930,2008
2038,"38 , 101",ND,Ward County,38388,2008
2039,"38 , 103",ND,Wells County,35745,2008
2040,"38 , 105",ND,Williams County,36452,2008
1988,"38 , 1",ND,Adams County,31003,2009
1989,"38 , 3",ND,Barnes County,36475,2009
1990,"38 , 5",ND,Benson County,29385,2009
1991,"38 , 7",ND,Billings County,36480,2009
1992,"38 , 9",ND,Bottineau County,38280,2009
1993,"38 , 11",ND,Bowman County,38520,2009
1994,"38 , 13",ND,Burke County,32060,2009
1995,"38 , 15",ND,Burleigh County,45704,2009
1996,"38 , 17",ND,Cass County,43464,2009
1997,"38 , 19",ND,Cavalier County,37026,2009
1998,"38 , 21",ND,Dickey County,34001,2009
1999,"38 , 23",ND,Divide County,30963,2009
2000,"38 , 25",ND,Dunn County,32783,2009
2001,"38 , 27",ND,Eddy County,33069,2009
2002,"38 , 29",ND,Emmons County,28825,2009
2003,"38 , 31",ND,Foster County,37931,2009
2004,"38 , 33",ND,Golden Valley County,31921,2009
2005,"38 , 35",ND,Grand Forks County,38796,2009
2006,"38 , 37",ND,Grant County,26491,2009
2007,"38 , 39",ND,Griggs County,34773,2009
2008,"38 , 41",ND,Hettinger County,32296,2009
2009,"38 , 43",ND,Kidder County,28659,2009
2010,"38 , 45",ND,LaMoure County,36750,2009
2011,"38 , 47",ND,Logan County,30919,2009
2012,"38 , 49",ND,McHenry County,31719,2009
2013,"38 , 51",ND,McIntosh County,29149,2009
2014,"38 , 53",ND,McKenzie County,31259,2009
2015,"38 , 55",ND,McLean County,36823,2009
2016,"38 , 57",ND,Mercer County,51488,2009
2017,"38 , 59",ND,Morton County,40970,2009
2018,"38 , 61",ND,Mountrail County,32235,2009
2019,"38 , 63",ND,Nelson County,32429,2009
2020,"38 , 65",ND,Oliver County,42565,2009
2021,"38 , 67",ND,Pembina County,39184,2009
2022,"38 , 69",ND,Pierce County,30461,2009
2023,"38 , 71",ND,Ramsey County,36606,2009
2024,"38 , 73",ND,Ransom County,42187,2009
2025,"38 , 75",ND,Renville County,40357,2009
2026,"38 , 77",ND,Richland County,38990,2009
2027,"38 , 79",ND,Rolette County,27812,2009
2028,"38 , 81",ND,Sargent County,42773,2009
2029,"38 , 83",ND,Sheridan County,28031,2009
2030,"38 , 85",ND,Sioux County,24627,2009
2031,"38 , 87",ND,Slope County,27532,2009
2032,"38 , 89",ND,Stark County,37044,2009
2033,"38 , 91",ND,Steele County,44293,2009
2034,"38 , 93",ND,Stutsman County,37153,2009
2035,"38 , 95",ND,Towner County,37573,2009
2036,"38 , 97",ND,Traill County,41019,2009
2037,"38 , 99",ND,Walsh County,35930,2009
2038,"38 , 101",ND,Ward County,38388,2009
2039,"38 , 103",ND,Wells County,35745,2009
2040,"38 , 105",ND,Williams County,36452,2009
1988,"38 , 1",ND,Adams County,31003,2010
1989,"38 , 3",ND,Barnes County,36475,2010
1990,"38 , 5",ND,Benson County,29385,2010
1991,"38 , 7",ND,Billings County,36480,2010
1992,"38 , 9",ND,Bottineau County,38280,2010
1993,"38 , 11",ND,Bowman County,38520,2010
1994,"38 , 13",ND,Burke County,32060,2010
1995,"38 , 15",ND,Burleigh County,45704,2010
1996,"38 , 17",ND,Cass County,43464,2010
1997,"38 , 19",ND,Cavalier County,37026,2010
1998,"38 , 21",ND,Dickey County,34001,2010
1999,"38 , 23",ND,Divide County,30963,2010
2000,"38 , 25",ND,Dunn County,32783,2010
2001,"38 , 27",ND,Eddy County,33069,2010
2002,"38 , 29",ND,Emmons County,28825,2010
2003,"38 , 31",ND,Foster County,37931,2010
2004,"38 , 33",ND,Golden Valley County,31921,2010
2005,"38 , 35",ND,Grand Forks County,38796,2010
2006,"38 , 37",ND,Grant County,26491,2010
2007,"38 , 39",ND,Griggs County,34773,2010
2008,"38 , 41",ND,Hettinger County,32296,2010
2009,"38 , 43",ND,Kidder County,28659,2010
2010,"38 , 45",ND,LaMoure County,36750,2010
2011,"38 , 47",ND,Logan County,30919,2010
2012,"38 , 49",ND,McHenry County,31719,2010
2013,"38 , 51",ND,McIntosh County,29149,2010
2014,"38 , 53",ND,McKenzie County,31259,2010
2015,"38 , 55",ND,McLean County,36823,2010
2016,"38 , 57",ND,Mercer County,51488,2010
2017,"38 , 59",ND,Morton County,40970,2010
2018,"38 , 61",ND,Mountrail County,32235,2010
2019,"38 , 63",ND,Nelson County,32429,2010
2020,"38 , 65",ND,Oliver County,42565,2010
2021,"38 , 67",ND,Pembina County,39184,2010
2022,"38 , 69",ND,Pierce County,30461,2010
2023,"38 , 71",ND,Ramsey County,36606,2010
2024,"38 , 73",ND,Ransom County,42187,2010
2025,"38 , 75",ND,Renville County,40357,2010
2026,"38 , 77",ND,Richland County,38990,2010
2027,"38 , 79",ND,Rolette County,27812,2010
2028,"38 , 81",ND,Sargent County,42773,2010
2029,"38 , 83",ND,Sheridan County,28031,2010
2030,"38 , 85",ND,Sioux County,24627,2010
2031,"38 , 87",ND,Slope County,27532,2010
2032,"38 , 89",ND,Stark County,37044,2010
2033,"38 , 91",ND,Steele County,44293,2010
2034,"38 , 93",ND,Stutsman County,37153,2010
2035,"38 , 95",ND,Towner County,37573,2010
2036,"38 , 97",ND,Traill County,41019,2010
2037,"38 , 99",ND,Walsh County,35930,2010
2038,"38 , 101",ND,Ward County,38388,2010
2039,"38 , 103",ND,Wells County,35745,2010
2040,"38 , 105",ND,Williams County,36452,2010
1988,"38 , 1",ND,Adams County,31003,2011
1989,"38 , 3",ND,Barnes County,36475,2011
1990,"38 , 5",ND,Benson County,29385,2011
1991,"38 , 7",ND,Billings County,36480,2011
1992,"38 , 9",ND,Bottineau County,38280,2011
1993,"38 , 11",ND,Bowman County,38520,2011
1994,"38 , 13",ND,Burke County,32060,2011
1995,"38 , 15",ND,Burleigh County,45704,2011
1996,"38 , 17",ND,Cass County,43464,2011
1997,"38 , 19",ND,Cavalier County,37026,2011
1998,"38 , 21",ND,Dickey County,34001,2011
1999,"38 , 23",ND,Divide County,30963,2011
2000,"38 , 25",ND,Dunn County,32783,2011
2001,"38 , 27",ND,Eddy County,33069,2011
2002,"38 , 29",ND,Emmons County,28825,2011
2003,"38 , 31",ND,Foster County,37931,2011
2004,"38 , 33",ND,Golden Valley County,31921,2011
2005,"38 , 35",ND,Grand Forks County,38796,2011
2006,"38 , 37",ND,Grant County,26491,2011
2007,"38 , 39",ND,Griggs County,34773,2011
2008,"38 , 41",ND,Hettinger County,32296,2011
2009,"38 , 43",ND,Kidder County,28659,2011
2010,"38 , 45",ND,LaMoure County,36750,2011
2011,"38 , 47",ND,Logan County,30919,2011
2012,"38 , 49",ND,McHenry County,31719,2011
2013,"38 , 51",ND,McIntosh County,29149,2011
2014,"38 , 53",ND,McKenzie County,31259,2011
2015,"38 , 55",ND,McLean County,36823,2011
2016,"38 , 57",ND,Mercer County,51488,2011
2017,"38 , 59",ND,Morton County,40970,2011
2018,"38 , 61",ND,Mountrail County,32235,2011
2019,"38 , 63",ND,Nelson County,32429,2011
2020,"38 , 65",ND,Oliver County,42565,2011
2021,"38 , 67",ND,Pembina County,39184,2011
2022,"38 , 69",ND,Pierce County,30461,2011
2023,"38 , 71",ND,Ramsey County,36606,2011
2024,"38 , 73",ND,Ransom County,42187,2011
2025,"38 , 75",ND,Renville County,40357,2011
2026,"38 , 77",ND,Richland County,38990,2011
2027,"38 , 79",ND,Rolette County,27812,2011
2028,"38 , 81",ND,Sargent County,42773,2011
2029,"38 , 83",ND,Sheridan County,28031,2011
2030,"38 , 85",ND,Sioux County,24627,2011
2031,"38 , 87",ND,Slope County,27532,2011
2032,"38 , 89",ND,Stark County,37044,2011
2033,"38 , 91",ND,Steele County,44293,2011
2034,"38 , 93",ND,Stutsman County,37153,2011
2035,"38 , 95",ND,Towner County,37573,2011
2036,"38 , 97",ND,Traill County,41019,2011
2037,"38 , 99",ND,Walsh County,35930,2011
2038,"38 , 101",ND,Ward County,38388,2011
2039,"38 , 103",ND,Wells County,35745,2011
2040,"38 , 105",ND,Williams County,36452,2011
1988,"38 , 1",ND,Adams County,31003,2012
1989,"38 , 3",ND,Barnes County,36475,2012
1990,"38 , 5",ND,Benson County,29385,2012
1991,"38 , 7",ND,Billings County,36480,2012
1992,"38 , 9",ND,Bottineau County,38280,2012
1993,"38 , 11",ND,Bowman County,38520,2012
1994,"38 , 13",ND,Burke County,32060,2012
1995,"38 , 15",ND,Burleigh County,45704,2012
1996,"38 , 17",ND,Cass County,43464,2012
1997,"38 , 19",ND,Cavalier County,37026,2012
1998,"38 , 21",ND,Dickey County,34001,2012
1999,"38 , 23",ND,Divide County,30963,2012
2000,"38 , 25",ND,Dunn County,32783,2012
2001,"38 , 27",ND,Eddy County,33069,2012
2002,"38 , 29",ND,Emmons County,28825,2012
2003,"38 , 31",ND,Foster County,37931,2012
2004,"38 , 33",ND,Golden Valley County,31921,2012
2005,"38 , 35",ND,Grand Forks County,38796,2012
2006,"38 , 37",ND,Grant County,26491,2012
2007,"38 , 39",ND,Griggs County,34773,2012
2008,"38 , 41",ND,Hettinger County,32296,2012
2009,"38 , 43",ND,Kidder County,28659,2012
2010,"38 , 45",ND,LaMoure County,36750,2012
2011,"38 , 47",ND,Logan County,30919,2012
2012,"38 , 49",ND,McHenry County,31719,2012
2013,"38 , 51",ND,McIntosh County,29149,2012
2014,"38 , 53",ND,McKenzie County,31259,2012
2015,"38 , 55",ND,McLean County,36823,2012
2016,"38 , 57",ND,Mercer County,51488,2012
2017,"38 , 59",ND,Morton County,40970,2012
2018,"38 , 61",ND,Mountrail County,32235,2012
2019,"38 , 63",ND,Nelson County,32429,2012
2020,"38 , 65",ND,Oliver County,42565,2012
2021,"38 , 67",ND,Pembina County,39184,2012
2022,"38 , 69",ND,Pierce County,30461,2012
2023,"38 , 71",ND,Ramsey County,36606,2012
2024,"38 , 73",ND,Ransom County,42187,2012
2025,"38 , 75",ND,Renville County,40357,2012
2026,"38 , 77",ND,Richland County,38990,2012
2027,"38 , 79",ND,Rolette County,27812,2012
2028,"38 , 81",ND,Sargent County,42773,2012
2029,"38 , 83",ND,Sheridan County,28031,2012
2030,"38 , 85",ND,Sioux County,24627,2012
2031,"38 , 87",ND,Slope County,27532,2012
2032,"38 , 89",ND,Stark County,37044,2012
2033,"38 , 91",ND,Steele County,44293,2012
2034,"38 , 93",ND,Stutsman County,37153,2012
2035,"38 , 95",ND,Towner County,37573,2012
2036,"38 , 97",ND,Traill County,41019,2012
2037,"38 , 99",ND,Walsh County,35930,2012
2038,"38 , 101",ND,Ward County,38388,2012
2039,"38 , 103",ND,Wells County,35745,2012
2040,"38 , 105",ND,Williams County,36452,2012
1988,"38 , 1",ND,Adams County,31003,2013
1989,"38 , 3",ND,Barnes County,36475,2013
1990,"38 , 5",ND,Benson County,29385,2013
1991,"38 , 7",ND,Billings County,36480,2013
1992,"38 , 9",ND,Bottineau County,38280,2013
1993,"38 , 11",ND,Bowman County,38520,2013
1994,"38 , 13",ND,Burke County,32060,2013
1995,"38 , 15",ND,Burleigh County,45704,2013
1996,"38 , 17",ND,Cass County,43464,2013
1997,"38 , 19",ND,Cavalier County,37026,2013
1998,"38 , 21",ND,Dickey County,34001,2013
1999,"38 , 23",ND,Divide County,30963,2013
2000,"38 , 25",ND,Dunn County,32783,2013
2001,"38 , 27",ND,Eddy County,33069,2013
2002,"38 , 29",ND,Emmons County,28825,2013
2003,"38 , 31",ND,Foster County,37931,2013
2004,"38 , 33",ND,Golden Valley County,31921,2013
2005,"38 , 35",ND,Grand Forks County,38796,2013
2006,"38 , 37",ND,Grant County,26491,2013
2007,"38 , 39",ND,Griggs County,34773,2013
2008,"38 , 41",ND,Hettinger County,32296,2013
2009,"38 , 43",ND,Kidder County,28659,2013
2010,"38 , 45",ND,LaMoure County,36750,2013
2011,"38 , 47",ND,Logan County,30919,2013
2012,"38 , 49",ND,McHenry County,31719,2013
2013,"38 , 51",ND,McIntosh County,29149,2013
2014,"38 , 53",ND,McKenzie County,31259,2013
2015,"38 , 55",ND,McLean County,36823,2013
2016,"38 , 57",ND,Mercer County,51488,2013
2017,"38 , 59",ND,Morton County,40970,2013
2018,"38 , 61",ND,Mountrail County,32235,2013
2019,"38 , 63",ND,Nelson County,32429,2013
2020,"38 , 65",ND,Oliver County,42565,2013
2021,"38 , 67",ND,Pembina County,39184,2013
2022,"38 , 69",ND,Pierce County,30461,2013
2023,"38 , 71",ND,Ramsey County,36606,2013
2024,"38 , 73",ND,Ransom County,42187,2013
2025,"38 , 75",ND,Renville County,40357,2013
2026,"38 , 77",ND,Richland County,38990,2013
2027,"38 , 79",ND,Rolette County,27812,2013
2028,"38 , 81",ND,Sargent County,42773,2013
2029,"38 , 83",ND,Sheridan County,28031,2013
2030,"38 , 85",ND,Sioux County,24627,2013
2031,"38 , 87",ND,Slope County,27532,2013
2032,"38 , 89",ND,Stark County,37044,2013
2033,"38 , 91",ND,Steele County,44293,2013
2034,"38 , 93",ND,Stutsman County,37153,2013
2035,"38 , 95",ND,Towner County,37573,2013
2036,"38 , 97",ND,Traill County,41019,2013
2037,"38 , 99",ND,Walsh County,35930,2013
2038,"38 , 101",ND,Ward County,38388,2013
2039,"38 , 103",ND,Wells County,35745,2013
2040,"38 , 105",ND,Williams County,36452,2013
1988,"38 , 1",ND,Adams County,31003,2014
1989,"38 , 3",ND,Barnes County,36475,2014
1990,"38 , 5",ND,Benson County,29385,2014
1991,"38 , 7",ND,Billings County,36480,2014
1992,"38 , 9",ND,Bottineau County,38280,2014
1993,"38 , 11",ND,Bowman County,38520,2014
1994,"38 , 13",ND,Burke County,32060,2014
1995,"38 , 15",ND,Burleigh County,45704,2014
1996,"38 , 17",ND,Cass County,43464,2014
1997,"38 , 19",ND,Cavalier County,37026,2014
1998,"38 , 21",ND,Dickey County,34001,2014
1999,"38 , 23",ND,Divide County,30963,2014
2000,"38 , 25",ND,Dunn County,32783,2014
2001,"38 , 27",ND,Eddy County,33069,2014
2002,"38 , 29",ND,Emmons County,28825,2014
2003,"38 , 31",ND,Foster County,37931,2014
2004,"38 , 33",ND,Golden Valley County,31921,2014
2005,"38 , 35",ND,Grand Forks County,38796,2014
2006,"38 , 37",ND,Grant County,26491,2014
2007,"38 , 39",ND,Griggs County,34773,2014
2008,"38 , 41",ND,Hettinger County,32296,2014
2009,"38 , 43",ND,Kidder County,28659,2014
2010,"38 , 45",ND,LaMoure County,36750,2014
2011,"38 , 47",ND,Logan County,30919,2014
2012,"38 , 49",ND,McHenry County,31719,2014
2013,"38 , 51",ND,McIntosh County,29149,2014
2014,"38 , 53",ND,McKenzie County,31259,2014
2015,"38 , 55",ND,McLean County,36823,2014
2016,"38 , 57",ND,Mercer County,51488,2014
2017,"38 , 59",ND,Morton County,40970,2014
2018,"38 , 61",ND,Mountrail County,32235,2014
2019,"38 , 63",ND,Nelson County,32429,2014
2020,"38 , 65",ND,Oliver County,42565,2014
2021,"38 , 67",ND,Pembina County,39184,2014
2022,"38 , 69",ND,Pierce County,30461,2014
2023,"38 , 71",ND,Ramsey County,36606,2014
2024,"38 , 73",ND,Ransom County,42187,2014
2025,"38 , 75",ND,Renville County,40357,2014
2026,"38 , 77",ND,Richland County,38990,2014
2027,"38 , 79",ND,Rolette County,27812,2014
2028,"38 , 81",ND,Sargent County,42773,2014
2029,"38 , 83",ND,Sheridan County,28031,2014
2030,"38 , 85",ND,Sioux County,24627,2014
2031,"38 , 87",ND,Slope County,27532,2014
2032,"38 , 89",ND,Stark County,37044,2014
2033,"38 , 91",ND,Steele County,44293,2014
2034,"38 , 93",ND,Stutsman County,37153,2014
2035,"38 , 95",ND,Towner County,37573,2014
2036,"38 , 97",ND,Traill County,41019,2014
2037,"38 , 99",ND,Walsh County,35930,2014
2038,"38 , 101",ND,Ward County,38388,2014
2039,"38 , 103",ND,Wells County,35745,2014
2040,"38 , 105",ND,Williams County,36452,2014
1988,"38 , 1",ND,Adams County,31003,2015
1989,"38 , 3",ND,Barnes County,36475,2015
1990,"38 , 5",ND,Benson County,29385,2015
1991,"38 , 7",ND,Billings County,36480,2015
1992,"38 , 9",ND,Bottineau County,38280,2015
1993,"38 , 11",ND,Bowman County,38520,2015
1994,"38 , 13",ND,Burke County,32060,2015
1995,"38 , 15",ND,Burleigh County,45704,2015
1996,"38 , 17",ND,Cass County,43464,2015
1997,"38 , 19",ND,Cavalier County,37026,2015
1998,"38 , 21",ND,Dickey County,34001,2015
1999,"38 , 23",ND,Divide County,30963,2015
2000,"38 , 25",ND,Dunn County,32783,2015
2001,"38 , 27",ND,Eddy County,33069,2015
2002,"38 , 29",ND,Emmons County,28825,2015
2003,"38 , 31",ND,Foster County,37931,2015
2004,"38 , 33",ND,Golden Valley County,31921,2015
2005,"38 , 35",ND,Grand Forks County,38796,2015
2006,"38 , 37",ND,Grant County,26491,2015
2007,"38 , 39",ND,Griggs County,34773,2015
2008,"38 , 41",ND,Hettinger County,32296,2015
2009,"38 , 43",ND,Kidder County,28659,2015
2010,"38 , 45",ND,LaMoure County,36750,2015
2011,"38 , 47",ND,Logan County,30919,2015
2012,"38 , 49",ND,McHenry County,31719,2015
2013,"38 , 51",ND,McIntosh County,29149,2015
2014,"38 , 53",ND,McKenzie County,31259,2015
2015,"38 , 55",ND,McLean County,36823,2015
2016,"38 , 57",ND,Mercer County,51488,2015
2017,"38 , 59",ND,Morton County,40970,2015
2018,"38 , 61",ND,Mountrail County,32235,2015
2019,"38 , 63",ND,Nelson County,32429,2015
2020,"38 , 65",ND,Oliver County,42565,2015
2021,"38 , 67",ND,Pembina County,39184,2015
2022,"38 , 69",ND,Pierce County,30461,2015
2023,"38 , 71",ND,Ramsey County,36606,2015
2024,"38 , 73",ND,Ransom County,42187,2015
2025,"38 , 75",ND,Renville County,40357,2015
2026,"38 , 77",ND,Richland County,38990,2015
2027,"38 , 79",ND,Rolette County,27812,2015
2028,"38 , 81",ND,Sargent County,42773,2015
2029,"38 , 83",ND,Sheridan County,28031,2015
2030,"38 , 85",ND,Sioux County,24627,2015
2031,"38 , 87",ND,Slope County,27532,2015
2032,"38 , 89",ND,Stark County,37044,2015
2033,"38 , 91",ND,Steele County,44293,2015
2034,"38 , 93",ND,Stutsman County,37153,2015
2035,"38 , 95",ND,Towner County,37573,2015
2036,"38 , 97",ND,Traill County,41019,2015
2037,"38 , 99",ND,Walsh County,35930,2015
2038,"38 , 101",ND,Ward County,38388,2015
2039,"38 , 103",ND,Wells County,35745,2015
2040,"38 , 105",ND,Williams County,36452,2015
1988,"38 , 1",ND,Adams County,31003,2016
1989,"38 , 3",ND,Barnes County,36475,2016
1990,"38 , 5",ND,Benson County,29385,2016
1991,"38 , 7",ND,Billings County,36480,2016
1992,"38 , 9",ND,Bottineau County,38280,2016
1993,"38 , 11",ND,Bowman County,38520,2016
1994,"38 , 13",ND,Burke County,32060,2016
1995,"38 , 15",ND,Burleigh County,45704,2016
1996,"38 , 17",ND,Cass County,43464,2016
1997,"38 , 19",ND,Cavalier County,37026,2016
1998,"38 , 21",ND,Dickey County,34001,2016
1999,"38 , 23",ND,Divide County,30963,2016
2000,"38 , 25",ND,Dunn County,32783,2016
2001,"38 , 27",ND,Eddy County,33069,2016
2002,"38 , 29",ND,Emmons County,28825,2016
2003,"38 , 31",ND,Foster County,37931,2016
2004,"38 , 33",ND,Golden Valley County,31921,2016
2005,"38 , 35",ND,Grand Forks County,38796,2016
2006,"38 , 37",ND,Grant County,26491,2016
2007,"38 , 39",ND,Griggs County,34773,2016
2008,"38 , 41",ND,Hettinger County,32296,2016
2009,"38 , 43",ND,Kidder County,28659,2016
2010,"38 , 45",ND,LaMoure County,36750,2016
2011,"38 , 47",ND,Logan County,30919,2016
2012,"38 , 49",ND,McHenry County,31719,2016
2013,"38 , 51",ND,McIntosh County,29149,2016
2014,"38 , 53",ND,McKenzie County,31259,2016
2015,"38 , 55",ND,McLean County,36823,2016
2016,"38 , 57",ND,Mercer County,51488,2016
2017,"38 , 59",ND,Morton County,40970,2016
2018,"38 , 61",ND,Mountrail County,32235,2016
2019,"38 , 63",ND,Nelson County,32429,2016
2020,"38 , 65",ND,Oliver County,42565,2016
2021,"38 , 67",ND,Pembina County,39184,2016
2022,"38 , 69",ND,Pierce County,30461,2016
2023,"38 , 71",ND,Ramsey County,36606,2016
2024,"38 , 73",ND,Ransom County,42187,2016
2025,"38 , 75",ND,Renville County,40357,2016
2026,"38 , 77",ND,Richland County,38990,2016
2027,"38 , 79",ND,Rolette County,27812,2016
2028,"38 , 81",ND,Sargent County,42773,2016
2029,"38 , 83",ND,Sheridan County,28031,2016
2030,"38 , 85",ND,Sioux County,24627,2016
2031,"38 , 87",ND,Slope County,27532,2016
2032,"38 , 89",ND,Stark County,37044,2016
2033,"38 , 91",ND,Steele County,44293,2016
2034,"38 , 93",ND,Stutsman County,37153,2016
2035,"38 , 95",ND,Towner County,37573,2016
2036,"38 , 97",ND,Traill County,41019,2016
2037,"38 , 99",ND,Walsh County,35930,2016
2038,"38 , 101",ND,Ward County,38388,2016
2039,"38 , 103",ND,Wells County,35745,2016
2040,"38 , 105",ND,Williams County,36452,2016
1988,"38 , 1",ND,Adams County,31003,2017
1989,"38 , 3",ND,Barnes County,36475,2017
1990,"38 , 5",ND,Benson County,29385,2017
1991,"38 , 7",ND,Billings County,36480,2017
1992,"38 , 9",ND,Bottineau County,38280,2017
1993,"38 , 11",ND,Bowman County,38520,2017
1994,"38 , 13",ND,Burke County,32060,2017
1995,"38 , 15",ND,Burleigh County,45704,2017
1996,"38 , 17",ND,Cass County,43464,2017
1997,"38 , 19",ND,Cavalier County,37026,2017
1998,"38 , 21",ND,Dickey County,34001,2017
1999,"38 , 23",ND,Divide County,30963,2017
2000,"38 , 25",ND,Dunn County,32783,2017
2001,"38 , 27",ND,Eddy County,33069,2017
2002,"38 , 29",ND,Emmons County,28825,2017
2003,"38 , 31",ND,Foster County,37931,2017
2004,"38 , 33",ND,Golden Valley County,31921,2017
2005,"38 , 35",ND,Grand Forks County,38796,2017
2006,"38 , 37",ND,Grant County,26491,2017
2007,"38 , 39",ND,Griggs County,34773,2017
2008,"38 , 41",ND,Hettinger County,32296,2017
2009,"38 , 43",ND,Kidder County,28659,2017
2010,"38 , 45",ND,LaMoure County,36750,2017
2011,"38 , 47",ND,Logan County,30919,2017
2012,"38 , 49",ND,McHenry County,31719,2017
2013,"38 , 51",ND,McIntosh County,29149,2017
2014,"38 , 53",ND,McKenzie County,31259,2017
2015,"38 , 55",ND,McLean County,36823,2017
2016,"38 , 57",ND,Mercer County,51488,2017
2017,"38 , 59",ND,Morton County,40970,2017
2018,"38 , 61",ND,Mountrail County,32235,2017
2019,"38 , 63",ND,Nelson County,32429,2017
2020,"38 , 65",ND,Oliver County,42565,2017
2021,"38 , 67",ND,Pembina County,39184,2017
2022,"38 , 69",ND,Pierce County,30461,2017
2023,"38 , 71",ND,Ramsey County,36606,2017
2024,"38 , 73",ND,Ransom County,42187,2017
2025,"38 , 75",ND,Renville County,40357,2017
2026,"38 , 77",ND,Richland County,38990,2017
2027,"38 , 79",ND,Rolette County,27812,2017
2028,"38 , 81",ND,Sargent County,42773,2017
2029,"38 , 83",ND,Sheridan County,28031,2017
2030,"38 , 85",ND,Sioux County,24627,2017
2031,"38 , 87",ND,Slope County,27532,2017
2032,"38 , 89",ND,Stark County,37044,2017
2033,"38 , 91",ND,Steele County,44293,2017
2034,"38 , 93",ND,Stutsman County,37153,2017
2035,"38 , 95",ND,Towner County,37573,2017
2036,"38 , 97",ND,Traill County,41019,2017
2037,"38 , 99",ND,Walsh County,35930,2017
2038,"38 , 101",ND,Ward County,38388,2017
2039,"38 , 103",ND,Wells County,35745,2017
2040,"38 , 105",ND,Williams County,36452,2017
1988,"38 , 1",ND,Adams County,31003,2018
1989,"38 , 3",ND,Barnes County,36475,2018
1990,"38 , 5",ND,Benson County,29385,2018
1991,"38 , 7",ND,Billings County,36480,2018
1992,"38 , 9",ND,Bottineau County,38280,2018
1993,"38 , 11",ND,Bowman County,38520,2018
1994,"38 , 13",ND,Burke County,32060,2018
1995,"38 , 15",ND,Burleigh County,45704,2018
1996,"38 , 17",ND,Cass County,43464,2018
1997,"38 , 19",ND,Cavalier County,37026,2018
1998,"38 , 21",ND,Dickey County,34001,2018
1999,"38 , 23",ND,Divide County,30963,2018
2000,"38 , 25",ND,Dunn County,32783,2018
2001,"38 , 27",ND,Eddy County,33069,2018
2002,"38 , 29",ND,Emmons County,28825,2018
2003,"38 , 31",ND,Foster County,37931,2018
2004,"38 , 33",ND,Golden Valley County,31921,2018
2005,"38 , 35",ND,Grand Forks County,38796,2018
2006,"38 , 37",ND,Grant County,26491,2018
2007,"38 , 39",ND,Griggs County,34773,2018
2008,"38 , 41",ND,Hettinger County,32296,2018
2009,"38 , 43",ND,Kidder County,28659,2018
2010,"38 , 45",ND,LaMoure County,36750,2018
2011,"38 , 47",ND,Logan County,30919,2018
2012,"38 , 49",ND,McHenry County,31719,2018
2013,"38 , 51",ND,McIntosh County,29149,2018
2014,"38 , 53",ND,McKenzie County,31259,2018
2015,"38 , 55",ND,McLean County,36823,2018
2016,"38 , 57",ND,Mercer County,51488,2018
2017,"38 , 59",ND,Morton County,40970,2018
2018,"38 , 61",ND,Mountrail County,32235,2018
2019,"38 , 63",ND,Nelson County,32429,2018
2020,"38 , 65",ND,Oliver County,42565,2018
2021,"38 , 67",ND,Pembina County,39184,2018
2022,"38 , 69",ND,Pierce County,30461,2018
2023,"38 , 71",ND,Ramsey County,36606,2018
2024,"38 , 73",ND,Ransom County,42187,2018
2025,"38 , 75",ND,Renville County,40357,2018
2026,"38 , 77",ND,Richland County,38990,2018
2027,"38 , 79",ND,Rolette County,27812,2018
2028,"38 , 81",ND,Sargent County,42773,2018
2029,"38 , 83",ND,Sheridan County,28031,2018
2030,"38 , 85",ND,Sioux County,24627,2018
2031,"38 , 87",ND,Slope County,27532,2018
2032,"38 , 89",ND,Stark County,37044,2018
2033,"38 , 91",ND,Steele County,44293,2018
2034,"38 , 93",ND,Stutsman County,37153,2018
2035,"38 , 95",ND,Towner County,37573,2018
2036,"38 , 97",ND,Traill County,41019,2018
2037,"38 , 99",ND,Walsh County,35930,2018
2038,"38 , 101",ND,Ward County,38388,2018
2039,"38 , 103",ND,Wells County,35745,2018
2040,"38 , 105",ND,Williams County,36452,2018
