State County FIPS,Postal Code,Name,Median Household Income,Year
"39 , 1",OH,Adams County,30487,2003
"39 , 3",OH,Allen County,39069,2003
"39 , 5",OH,Ashland County,39953,2003
"39 , 7",OH,Ashtabula County,36034,2003
"39 , 9",OH,Athens County,29230,2003
"39 , 11",OH,Auglaize County,44763,2003
"39 , 13",OH,Belmont County,31559,2003
"39 , 15",OH,Brown County,40096,2003
"39 , 17",OH,Butler County,47954,2003
"39 , 19",OH,Carroll County,36270,2003
"39 , 21",OH,Champaign County,44351,2003
"39 , 23",OH,Clark County,40027,2003
"39 , 25",OH,Clermont County,51940,2003
"39 , 27",OH,Clinton County,41650,2003
"39 , 29",OH,Columbiana County,34732,2003
"39 , 31",OH,Coshocton County,35268,2003
"39 , 33",OH,Crawford County,37307,2003
"39 , 35",OH,Cuyahoga County,39551,2003
"39 , 37",OH,Darke County,40934,2003
"39 , 39",OH,Defiance County,45434,2003
"39 , 41",OH,Delaware County,73375,2003
"39 , 43",OH,Erie County,43716,2003
"39 , 45",OH,Fairfield County,51300,2003
"39 , 47",OH,Fayette County,39126,2003
"39 , 49",OH,Franklin County,44967,2003
"39 , 51",OH,Fulton County,46402,2003
"39 , 53",OH,Gallia County,32233,2003
"39 , 55",OH,Geauga County,59235,2003
"39 , 57",OH,Greene County,50088,2003
"39 , 59",OH,Guernsey County,32165,2003
"39 , 61",OH,Hamilton County,44093,2003
"39 , 63",OH,Hancock County,44957,2003
"39 , 65",OH,Hardin County,35897,2003
"39 , 67",OH,Harrison County,31490,2003
"39 , 69",OH,Henry County,44296,2003
"39 , 71",OH,Highland County,36532,2003
"39 , 73",OH,Hocking County,35449,2003
"39 , 75",OH,Holmes County,38713,2003
"39 , 77",OH,Huron County,41234,2003
"39 , 79",OH,Jackson County,32024,2003
"39 , 81",OH,Jefferson County,32493,2003
"39 , 83",OH,Knox County,40829,2003
"39 , 85",OH,Lake County,48452,2003
"39 , 87",OH,Lawrence County,30158,2003
"39 , 89",OH,Licking County,46494,2003
"39 , 91",OH,Logan County,43487,2003
"39 , 93",OH,Lorain County,45051,2003
"39 , 95",OH,Lucas County,40172,2003
"39 , 97",OH,Madison County,44626,2003
"39 , 99",OH,Mahoning County,36413,2003
"39 , 101",OH,Marion County,39378,2003
"39 , 103",OH,Medina County,57539,2003
"39 , 105",OH,Meigs County,27849,2003
"39 , 107",OH,Mercer County,44830,2003
"39 , 109",OH,Miami County,44811,2003
"39 , 111",OH,Monroe County,33436,2003
"39 , 113",OH,Montgomery County,41283,2003
"39 , 115",OH,Morgan County,31671,2003
"39 , 117",OH,Morrow County,42842,2003
"39 , 119",OH,Muskingum County,36120,2003
"39 , 121",OH,Noble County,32836,2003
"39 , 123",OH,Ottawa County,45638,2003
"39 , 125",OH,Paulding County,40382,2003
"39 , 127",OH,Perry County,35162,2003
"39 , 129",OH,Pickaway County,42686,2003
"39 , 131",OH,Pike County,32951,2003
"39 , 133",OH,Portage County,44615,2003
"39 , 135",OH,Preble County,41895,2003
"39 , 137",OH,Putnam County,48174,2003
"39 , 139",OH,Richland County,38595,2003
"39 , 141",OH,Ross County,38067,2003
"39 , 143",OH,Sandusky County,41619,2003
"39 , 145",OH,Scioto County,29216,2003
"39 , 147",OH,Seneca County,38736,2003
"39 , 149",OH,Shelby County,45580,2003
"39 , 151",OH,Stark County,40347,2003
"39 , 153",OH,Summit County,42843,2003
"39 , 155",OH,Trumbull County,38206,2003
"39 , 157",OH,Tuscarawas County,36803,2003
"39 , 159",OH,Union County,54470,2003
"39 , 161",OH,Van Wert County,40239,2003
"39 , 163",OH,Vinton County,31044,2003
"39 , 165",OH,Warren County,61931,2003
"39 , 167",OH,Washington County,35251,2003
"39 , 169",OH,Wayne County,42079,2003
"39 , 171",OH,Williams County,40623,2003
"39 , 173",OH,Wood County,45741,2003
"39 , 175",OH,Wyandot County,40819,2003
"39 , 1",OH,Adams County,30487,2004
"39 , 3",OH,Allen County,39069,2004
"39 , 5",OH,Ashland County,39953,2004
"39 , 7",OH,Ashtabula County,36034,2004
"39 , 9",OH,Athens County,29230,2004
"39 , 11",OH,Auglaize County,44763,2004
"39 , 13",OH,Belmont County,31559,2004
"39 , 15",OH,Brown County,40096,2004
"39 , 17",OH,Butler County,47954,2004
"39 , 19",OH,Carroll County,36270,2004
"39 , 21",OH,Champaign County,44351,2004
"39 , 23",OH,Clark County,40027,2004
"39 , 25",OH,Clermont County,51940,2004
"39 , 27",OH,Clinton County,41650,2004
"39 , 29",OH,Columbiana County,34732,2004
"39 , 31",OH,Coshocton County,35268,2004
"39 , 33",OH,Crawford County,37307,2004
"39 , 35",OH,Cuyahoga County,39551,2004
"39 , 37",OH,Darke County,40934,2004
"39 , 39",OH,Defiance County,45434,2004
"39 , 41",OH,Delaware County,73375,2004
"39 , 43",OH,Erie County,43716,2004
"39 , 45",OH,Fairfield County,51300,2004
"39 , 47",OH,Fayette County,39126,2004
"39 , 49",OH,Franklin County,44967,2004
"39 , 51",OH,Fulton County,46402,2004
"39 , 53",OH,Gallia County,32233,2004
"39 , 55",OH,Geauga County,59235,2004
"39 , 57",OH,Greene County,50088,2004
"39 , 59",OH,Guernsey County,32165,2004
"39 , 61",OH,Hamilton County,44093,2004
"39 , 63",OH,Hancock County,44957,2004
"39 , 65",OH,Hardin County,35897,2004
"39 , 67",OH,Harrison County,31490,2004
"39 , 69",OH,Henry County,44296,2004
"39 , 71",OH,Highland County,36532,2004
"39 , 73",OH,Hocking County,35449,2004
"39 , 75",OH,Holmes County,38713,2004
"39 , 77",OH,Huron County,41234,2004
"39 , 79",OH,Jackson County,32024,2004
"39 , 81",OH,Jefferson County,32493,2004
"39 , 83",OH,Knox County,40829,2004
"39 , 85",OH,Lake County,48452,2004
"39 , 87",OH,Lawrence County,30158,2004
"39 , 89",OH,Licking County,46494,2004
"39 , 91",OH,Logan County,43487,2004
"39 , 93",OH,Lorain County,45051,2004
"39 , 95",OH,Lucas County,40172,2004
"39 , 97",OH,Madison County,44626,2004
"39 , 99",OH,Mahoning County,36413,2004
"39 , 101",OH,Marion County,39378,2004
"39 , 103",OH,Medina County,57539,2004
"39 , 105",OH,Meigs County,27849,2004
"39 , 107",OH,Mercer County,44830,2004
"39 , 109",OH,Miami County,44811,2004
"39 , 111",OH,Monroe County,33436,2004
"39 , 113",OH,Montgomery County,41283,2004
"39 , 115",OH,Morgan County,31671,2004
"39 , 117",OH,Morrow County,42842,2004
"39 , 119",OH,Muskingum County,36120,2004
"39 , 121",OH,Noble County,32836,2004
"39 , 123",OH,Ottawa County,45638,2004
"39 , 125",OH,Paulding County,40382,2004
"39 , 127",OH,Perry County,35162,2004
"39 , 129",OH,Pickaway County,42686,2004
"39 , 131",OH,Pike County,32951,2004
"39 , 133",OH,Portage County,44615,2004
"39 , 135",OH,Preble County,41895,2004
"39 , 137",OH,Putnam County,48174,2004
"39 , 139",OH,Richland County,38595,2004
"39 , 141",OH,Ross County,38067,2004
"39 , 143",OH,Sandusky County,41619,2004
"39 , 145",OH,Scioto County,29216,2004
"39 , 147",OH,Seneca County,38736,2004
"39 , 149",OH,Shelby County,45580,2004
"39 , 151",OH,Stark County,40347,2004
"39 , 153",OH,Summit County,42843,2004
"39 , 155",OH,Trumbull County,38206,2004
"39 , 157",OH,Tuscarawas County,36803,2004
"39 , 159",OH,Union County,54470,2004
"39 , 161",OH,Van Wert County,40239,2004
"39 , 163",OH,Vinton County,31044,2004
"39 , 165",OH,Warren County,61931,2004
"39 , 167",OH,Washington County,35251,2004
"39 , 169",OH,Wayne County,42079,2004
"39 , 171",OH,Williams County,40623,2004
"39 , 173",OH,Wood County,45741,2004
"39 , 175",OH,Wyandot County,40819,2004
"39 , 1",OH,Adams County,30487,2005
"39 , 3",OH,Allen County,39069,2005
"39 , 5",OH,Ashland County,39953,2005
"39 , 7",OH,Ashtabula County,36034,2005
"39 , 9",OH,Athens County,29230,2005
"39 , 11",OH,Auglaize County,44763,2005
"39 , 13",OH,Belmont County,31559,2005
"39 , 15",OH,Brown County,40096,2005
"39 , 17",OH,Butler County,47954,2005
"39 , 19",OH,Carroll County,36270,2005
"39 , 21",OH,Champaign County,44351,2005
"39 , 23",OH,Clark County,40027,2005
"39 , 25",OH,Clermont County,51940,2005
"39 , 27",OH,Clinton County,41650,2005
"39 , 29",OH,Columbiana County,34732,2005
"39 , 31",OH,Coshocton County,35268,2005
"39 , 33",OH,Crawford County,37307,2005
"39 , 35",OH,Cuyahoga County,39551,2005
"39 , 37",OH,Darke County,40934,2005
"39 , 39",OH,Defiance County,45434,2005
"39 , 41",OH,Delaware County,73375,2005
"39 , 43",OH,Erie County,43716,2005
"39 , 45",OH,Fairfield County,51300,2005
"39 , 47",OH,Fayette County,39126,2005
"39 , 49",OH,Franklin County,44967,2005
"39 , 51",OH,Fulton County,46402,2005
"39 , 53",OH,Gallia County,32233,2005
"39 , 55",OH,Geauga County,59235,2005
"39 , 57",OH,Greene County,50088,2005
"39 , 59",OH,Guernsey County,32165,2005
"39 , 61",OH,Hamilton County,44093,2005
"39 , 63",OH,Hancock County,44957,2005
"39 , 65",OH,Hardin County,35897,2005
"39 , 67",OH,Harrison County,31490,2005
"39 , 69",OH,Henry County,44296,2005
"39 , 71",OH,Highland County,36532,2005
"39 , 73",OH,Hocking County,35449,2005
"39 , 75",OH,Holmes County,38713,2005
"39 , 77",OH,Huron County,41234,2005
"39 , 79",OH,Jackson County,32024,2005
"39 , 81",OH,Jefferson County,32493,2005
"39 , 83",OH,Knox County,40829,2005
"39 , 85",OH,Lake County,48452,2005
"39 , 87",OH,Lawrence County,30158,2005
"39 , 89",OH,Licking County,46494,2005
"39 , 91",OH,Logan County,43487,2005
"39 , 93",OH,Lorain County,45051,2005
"39 , 95",OH,Lucas County,40172,2005
"39 , 97",OH,Madison County,44626,2005
"39 , 99",OH,Mahoning County,36413,2005
"39 , 101",OH,Marion County,39378,2005
"39 , 103",OH,Medina County,57539,2005
"39 , 105",OH,Meigs County,27849,2005
"39 , 107",OH,Mercer County,44830,2005
"39 , 109",OH,Miami County,44811,2005
"39 , 111",OH,Monroe County,33436,2005
"39 , 113",OH,Montgomery County,41283,2005
"39 , 115",OH,Morgan County,31671,2005
"39 , 117",OH,Morrow County,42842,2005
"39 , 119",OH,Muskingum County,36120,2005
"39 , 121",OH,Noble County,32836,2005
"39 , 123",OH,Ottawa County,45638,2005
"39 , 125",OH,Paulding County,40382,2005
"39 , 127",OH,Perry County,35162,2005
"39 , 129",OH,Pickaway County,42686,2005
"39 , 131",OH,Pike County,32951,2005
"39 , 133",OH,Portage County,44615,2005
"39 , 135",OH,Preble County,41895,2005
"39 , 137",OH,Putnam County,48174,2005
"39 , 139",OH,Richland County,38595,2005
"39 , 141",OH,Ross County,38067,2005
"39 , 143",OH,Sandusky County,41619,2005
"39 , 145",OH,Scioto County,29216,2005
"39 , 147",OH,Seneca County,38736,2005
"39 , 149",OH,Shelby County,45580,2005
"39 , 151",OH,Stark County,40347,2005
"39 , 153",OH,Summit County,42843,2005
"39 , 155",OH,Trumbull County,38206,2005
"39 , 157",OH,Tuscarawas County,36803,2005
"39 , 159",OH,Union County,54470,2005
"39 , 161",OH,Van Wert County,40239,2005
"39 , 163",OH,Vinton County,31044,2005
"39 , 165",OH,Warren County,61931,2005
"39 , 167",OH,Washington County,35251,2005
"39 , 169",OH,Wayne County,42079,2005
"39 , 171",OH,Williams County,40623,2005
"39 , 173",OH,Wood County,45741,2005
"39 , 175",OH,Wyandot County,40819,2005
"39 , 1",OH,Adams County,30487,2006
"39 , 3",OH,Allen County,39069,2006
"39 , 5",OH,Ashland County,39953,2006
"39 , 7",OH,Ashtabula County,36034,2006
"39 , 9",OH,Athens County,29230,2006
"39 , 11",OH,Auglaize County,44763,2006
"39 , 13",OH,Belmont County,31559,2006
"39 , 15",OH,Brown County,40096,2006
"39 , 17",OH,Butler County,47954,2006
"39 , 19",OH,Carroll County,36270,2006
"39 , 21",OH,Champaign County,44351,2006
"39 , 23",OH,Clark County,40027,2006
"39 , 25",OH,Clermont County,51940,2006
"39 , 27",OH,Clinton County,41650,2006
"39 , 29",OH,Columbiana County,34732,2006
"39 , 31",OH,Coshocton County,35268,2006
"39 , 33",OH,Crawford County,37307,2006
"39 , 35",OH,Cuyahoga County,39551,2006
"39 , 37",OH,Darke County,40934,2006
"39 , 39",OH,Defiance County,45434,2006
"39 , 41",OH,Delaware County,73375,2006
"39 , 43",OH,Erie County,43716,2006
"39 , 45",OH,Fairfield County,51300,2006
"39 , 47",OH,Fayette County,39126,2006
"39 , 49",OH,Franklin County,44967,2006
"39 , 51",OH,Fulton County,46402,2006
"39 , 53",OH,Gallia County,32233,2006
"39 , 55",OH,Geauga County,59235,2006
"39 , 57",OH,Greene County,50088,2006
"39 , 59",OH,Guernsey County,32165,2006
"39 , 61",OH,Hamilton County,44093,2006
"39 , 63",OH,Hancock County,44957,2006
"39 , 65",OH,Hardin County,35897,2006
"39 , 67",OH,Harrison County,31490,2006
"39 , 69",OH,Henry County,44296,2006
"39 , 71",OH,Highland County,36532,2006
"39 , 73",OH,Hocking County,35449,2006
"39 , 75",OH,Holmes County,38713,2006
"39 , 77",OH,Huron County,41234,2006
"39 , 79",OH,Jackson County,32024,2006
"39 , 81",OH,Jefferson County,32493,2006
"39 , 83",OH,Knox County,40829,2006
"39 , 85",OH,Lake County,48452,2006
"39 , 87",OH,Lawrence County,30158,2006
"39 , 89",OH,Licking County,46494,2006
"39 , 91",OH,Logan County,43487,2006
"39 , 93",OH,Lorain County,45051,2006
"39 , 95",OH,Lucas County,40172,2006
"39 , 97",OH,Madison County,44626,2006
"39 , 99",OH,Mahoning County,36413,2006
"39 , 101",OH,Marion County,39378,2006
"39 , 103",OH,Medina County,57539,2006
"39 , 105",OH,Meigs County,27849,2006
"39 , 107",OH,Mercer County,44830,2006
"39 , 109",OH,Miami County,44811,2006
"39 , 111",OH,Monroe County,33436,2006
"39 , 113",OH,Montgomery County,41283,2006
"39 , 115",OH,Morgan County,31671,2006
"39 , 117",OH,Morrow County,42842,2006
"39 , 119",OH,Muskingum County,36120,2006
"39 , 121",OH,Noble County,32836,2006
"39 , 123",OH,Ottawa County,45638,2006
"39 , 125",OH,Paulding County,40382,2006
"39 , 127",OH,Perry County,35162,2006
"39 , 129",OH,Pickaway County,42686,2006
"39 , 131",OH,Pike County,32951,2006
"39 , 133",OH,Portage County,44615,2006
"39 , 135",OH,Preble County,41895,2006
"39 , 137",OH,Putnam County,48174,2006
"39 , 139",OH,Richland County,38595,2006
"39 , 141",OH,Ross County,38067,2006
"39 , 143",OH,Sandusky County,41619,2006
"39 , 145",OH,Scioto County,29216,2006
"39 , 147",OH,Seneca County,38736,2006
"39 , 149",OH,Shelby County,45580,2006
"39 , 151",OH,Stark County,40347,2006
"39 , 153",OH,Summit County,42843,2006
"39 , 155",OH,Trumbull County,38206,2006
"39 , 157",OH,Tuscarawas County,36803,2006
"39 , 159",OH,Union County,54470,2006
"39 , 161",OH,Van Wert County,40239,2006
"39 , 163",OH,Vinton County,31044,2006
"39 , 165",OH,Warren County,61931,2006
"39 , 167",OH,Washington County,35251,2006
"39 , 169",OH,Wayne County,42079,2006
"39 , 171",OH,Williams County,40623,2006
"39 , 173",OH,Wood County,45741,2006
"39 , 175",OH,Wyandot County,40819,2006
"39 , 1",OH,Adams County,30487,2007
"39 , 3",OH,Allen County,39069,2007
"39 , 5",OH,Ashland County,39953,2007
"39 , 7",OH,Ashtabula County,36034,2007
"39 , 9",OH,Athens County,29230,2007
"39 , 11",OH,Auglaize County,44763,2007
"39 , 13",OH,Belmont County,31559,2007
"39 , 15",OH,Brown County,40096,2007
"39 , 17",OH,Butler County,47954,2007
"39 , 19",OH,Carroll County,36270,2007
"39 , 21",OH,Champaign County,44351,2007
"39 , 23",OH,Clark County,40027,2007
"39 , 25",OH,Clermont County,51940,2007
"39 , 27",OH,Clinton County,41650,2007
"39 , 29",OH,Columbiana County,34732,2007
"39 , 31",OH,Coshocton County,35268,2007
"39 , 33",OH,Crawford County,37307,2007
"39 , 35",OH,Cuyahoga County,39551,2007
"39 , 37",OH,Darke County,40934,2007
"39 , 39",OH,Defiance County,45434,2007
"39 , 41",OH,Delaware County,73375,2007
"39 , 43",OH,Erie County,43716,2007
"39 , 45",OH,Fairfield County,51300,2007
"39 , 47",OH,Fayette County,39126,2007
"39 , 49",OH,Franklin County,44967,2007
"39 , 51",OH,Fulton County,46402,2007
"39 , 53",OH,Gallia County,32233,2007
"39 , 55",OH,Geauga County,59235,2007
"39 , 57",OH,Greene County,50088,2007
"39 , 59",OH,Guernsey County,32165,2007
"39 , 61",OH,Hamilton County,44093,2007
"39 , 63",OH,Hancock County,44957,2007
"39 , 65",OH,Hardin County,35897,2007
"39 , 67",OH,Harrison County,31490,2007
"39 , 69",OH,Henry County,44296,2007
"39 , 71",OH,Highland County,36532,2007
"39 , 73",OH,Hocking County,35449,2007
"39 , 75",OH,Holmes County,38713,2007
"39 , 77",OH,Huron County,41234,2007
"39 , 79",OH,Jackson County,32024,2007
"39 , 81",OH,Jefferson County,32493,2007
"39 , 83",OH,Knox County,40829,2007
"39 , 85",OH,Lake County,48452,2007
"39 , 87",OH,Lawrence County,30158,2007
"39 , 89",OH,Licking County,46494,2007
"39 , 91",OH,Logan County,43487,2007
"39 , 93",OH,Lorain County,45051,2007
"39 , 95",OH,Lucas County,40172,2007
"39 , 97",OH,Madison County,44626,2007
"39 , 99",OH,Mahoning County,36413,2007
"39 , 101",OH,Marion County,39378,2007
"39 , 103",OH,Medina County,57539,2007
"39 , 105",OH,Meigs County,27849,2007
"39 , 107",OH,Mercer County,44830,2007
"39 , 109",OH,Miami County,44811,2007
"39 , 111",OH,Monroe County,33436,2007
"39 , 113",OH,Montgomery County,41283,2007
"39 , 115",OH,Morgan County,31671,2007
"39 , 117",OH,Morrow County,42842,2007
"39 , 119",OH,Muskingum County,36120,2007
"39 , 121",OH,Noble County,32836,2007
"39 , 123",OH,Ottawa County,45638,2007
"39 , 125",OH,Paulding County,40382,2007
"39 , 127",OH,Perry County,35162,2007
"39 , 129",OH,Pickaway County,42686,2007
"39 , 131",OH,Pike County,32951,2007
"39 , 133",OH,Portage County,44615,2007
"39 , 135",OH,Preble County,41895,2007
"39 , 137",OH,Putnam County,48174,2007
"39 , 139",OH,Richland County,38595,2007
"39 , 141",OH,Ross County,38067,2007
"39 , 143",OH,Sandusky County,41619,2007
"39 , 145",OH,Scioto County,29216,2007
"39 , 147",OH,Seneca County,38736,2007
"39 , 149",OH,Shelby County,45580,2007
"39 , 151",OH,Stark County,40347,2007
"39 , 153",OH,Summit County,42843,2007
"39 , 155",OH,Trumbull County,38206,2007
"39 , 157",OH,Tuscarawas County,36803,2007
"39 , 159",OH,Union County,54470,2007
"39 , 161",OH,Van Wert County,40239,2007
"39 , 163",OH,Vinton County,31044,2007
"39 , 165",OH,Warren County,61931,2007
"39 , 167",OH,Washington County,35251,2007
"39 , 169",OH,Wayne County,42079,2007
"39 , 171",OH,Williams County,40623,2007
"39 , 173",OH,Wood County,45741,2007
"39 , 175",OH,Wyandot County,40819,2007
"39 , 1",OH,Adams County,30487,2008
"39 , 3",OH,Allen County,39069,2008
"39 , 5",OH,Ashland County,39953,2008
"39 , 7",OH,Ashtabula County,36034,2008
"39 , 9",OH,Athens County,29230,2008
"39 , 11",OH,Auglaize County,44763,2008
"39 , 13",OH,Belmont County,31559,2008
"39 , 15",OH,Brown County,40096,2008
"39 , 17",OH,Butler County,47954,2008
"39 , 19",OH,Carroll County,36270,2008
"39 , 21",OH,Champaign County,44351,2008
"39 , 23",OH,Clark County,40027,2008
"39 , 25",OH,Clermont County,51940,2008
"39 , 27",OH,Clinton County,41650,2008
"39 , 29",OH,Columbiana County,34732,2008
"39 , 31",OH,Coshocton County,35268,2008
"39 , 33",OH,Crawford County,37307,2008
"39 , 35",OH,Cuyahoga County,39551,2008
"39 , 37",OH,Darke County,40934,2008
"39 , 39",OH,Defiance County,45434,2008
"39 , 41",OH,Delaware County,73375,2008
"39 , 43",OH,Erie County,43716,2008
"39 , 45",OH,Fairfield County,51300,2008
"39 , 47",OH,Fayette County,39126,2008
"39 , 49",OH,Franklin County,44967,2008
"39 , 51",OH,Fulton County,46402,2008
"39 , 53",OH,Gallia County,32233,2008
"39 , 55",OH,Geauga County,59235,2008
"39 , 57",OH,Greene County,50088,2008
"39 , 59",OH,Guernsey County,32165,2008
"39 , 61",OH,Hamilton County,44093,2008
"39 , 63",OH,Hancock County,44957,2008
"39 , 65",OH,Hardin County,35897,2008
"39 , 67",OH,Harrison County,31490,2008
"39 , 69",OH,Henry County,44296,2008
"39 , 71",OH,Highland County,36532,2008
"39 , 73",OH,Hocking County,35449,2008
"39 , 75",OH,Holmes County,38713,2008
"39 , 77",OH,Huron County,41234,2008
"39 , 79",OH,Jackson County,32024,2008
"39 , 81",OH,Jefferson County,32493,2008
"39 , 83",OH,Knox County,40829,2008
"39 , 85",OH,Lake County,48452,2008
"39 , 87",OH,Lawrence County,30158,2008
"39 , 89",OH,Licking County,46494,2008
"39 , 91",OH,Logan County,43487,2008
"39 , 93",OH,Lorain County,45051,2008
"39 , 95",OH,Lucas County,40172,2008
"39 , 97",OH,Madison County,44626,2008
"39 , 99",OH,Mahoning County,36413,2008
"39 , 101",OH,Marion County,39378,2008
"39 , 103",OH,Medina County,57539,2008
"39 , 105",OH,Meigs County,27849,2008
"39 , 107",OH,Mercer County,44830,2008
"39 , 109",OH,Miami County,44811,2008
"39 , 111",OH,Monroe County,33436,2008
"39 , 113",OH,Montgomery County,41283,2008
"39 , 115",OH,Morgan County,31671,2008
"39 , 117",OH,Morrow County,42842,2008
"39 , 119",OH,Muskingum County,36120,2008
"39 , 121",OH,Noble County,32836,2008
"39 , 123",OH,Ottawa County,45638,2008
"39 , 125",OH,Paulding County,40382,2008
"39 , 127",OH,Perry County,35162,2008
"39 , 129",OH,Pickaway County,42686,2008
"39 , 131",OH,Pike County,32951,2008
"39 , 133",OH,Portage County,44615,2008
"39 , 135",OH,Preble County,41895,2008
"39 , 137",OH,Putnam County,48174,2008
"39 , 139",OH,Richland County,38595,2008
"39 , 141",OH,Ross County,38067,2008
"39 , 143",OH,Sandusky County,41619,2008
"39 , 145",OH,Scioto County,29216,2008
"39 , 147",OH,Seneca County,38736,2008
"39 , 149",OH,Shelby County,45580,2008
"39 , 151",OH,Stark County,40347,2008
"39 , 153",OH,Summit County,42843,2008
"39 , 155",OH,Trumbull County,38206,2008
"39 , 157",OH,Tuscarawas County,36803,2008
"39 , 159",OH,Union County,54470,2008
"39 , 161",OH,Van Wert County,40239,2008
"39 , 163",OH,Vinton County,31044,2008
"39 , 165",OH,Warren County,61931,2008
"39 , 167",OH,Washington County,35251,2008
"39 , 169",OH,Wayne County,42079,2008
"39 , 171",OH,Williams County,40623,2008
"39 , 173",OH,Wood County,45741,2008
"39 , 175",OH,Wyandot County,40819,2008
"39 , 1",OH,Adams County,30487,2009
"39 , 3",OH,Allen County,39069,2009
"39 , 5",OH,Ashland County,39953,2009
"39 , 7",OH,Ashtabula County,36034,2009
"39 , 9",OH,Athens County,29230,2009
"39 , 11",OH,Auglaize County,44763,2009
"39 , 13",OH,Belmont County,31559,2009
"39 , 15",OH,Brown County,40096,2009
"39 , 17",OH,Butler County,47954,2009
"39 , 19",OH,Carroll County,36270,2009
"39 , 21",OH,Champaign County,44351,2009
"39 , 23",OH,Clark County,40027,2009
"39 , 25",OH,Clermont County,51940,2009
"39 , 27",OH,Clinton County,41650,2009
"39 , 29",OH,Columbiana County,34732,2009
"39 , 31",OH,Coshocton County,35268,2009
"39 , 33",OH,Crawford County,37307,2009
"39 , 35",OH,Cuyahoga County,39551,2009
"39 , 37",OH,Darke County,40934,2009
"39 , 39",OH,Defiance County,45434,2009
"39 , 41",OH,Delaware County,73375,2009
"39 , 43",OH,Erie County,43716,2009
"39 , 45",OH,Fairfield County,51300,2009
"39 , 47",OH,Fayette County,39126,2009
"39 , 49",OH,Franklin County,44967,2009
"39 , 51",OH,Fulton County,46402,2009
"39 , 53",OH,Gallia County,32233,2009
"39 , 55",OH,Geauga County,59235,2009
"39 , 57",OH,Greene County,50088,2009
"39 , 59",OH,Guernsey County,32165,2009
"39 , 61",OH,Hamilton County,44093,2009
"39 , 63",OH,Hancock County,44957,2009
"39 , 65",OH,Hardin County,35897,2009
"39 , 67",OH,Harrison County,31490,2009
"39 , 69",OH,Henry County,44296,2009
"39 , 71",OH,Highland County,36532,2009
"39 , 73",OH,Hocking County,35449,2009
"39 , 75",OH,Holmes County,38713,2009
"39 , 77",OH,Huron County,41234,2009
"39 , 79",OH,Jackson County,32024,2009
"39 , 81",OH,Jefferson County,32493,2009
"39 , 83",OH,Knox County,40829,2009
"39 , 85",OH,Lake County,48452,2009
"39 , 87",OH,Lawrence County,30158,2009
"39 , 89",OH,Licking County,46494,2009
"39 , 91",OH,Logan County,43487,2009
"39 , 93",OH,Lorain County,45051,2009
"39 , 95",OH,Lucas County,40172,2009
"39 , 97",OH,Madison County,44626,2009
"39 , 99",OH,Mahoning County,36413,2009
"39 , 101",OH,Marion County,39378,2009
"39 , 103",OH,Medina County,57539,2009
"39 , 105",OH,Meigs County,27849,2009
"39 , 107",OH,Mercer County,44830,2009
"39 , 109",OH,Miami County,44811,2009
"39 , 111",OH,Monroe County,33436,2009
"39 , 113",OH,Montgomery County,41283,2009
"39 , 115",OH,Morgan County,31671,2009
"39 , 117",OH,Morrow County,42842,2009
"39 , 119",OH,Muskingum County,36120,2009
"39 , 121",OH,Noble County,32836,2009
"39 , 123",OH,Ottawa County,45638,2009
"39 , 125",OH,Paulding County,40382,2009
"39 , 127",OH,Perry County,35162,2009
"39 , 129",OH,Pickaway County,42686,2009
"39 , 131",OH,Pike County,32951,2009
"39 , 133",OH,Portage County,44615,2009
"39 , 135",OH,Preble County,41895,2009
"39 , 137",OH,Putnam County,48174,2009
"39 , 139",OH,Richland County,38595,2009
"39 , 141",OH,Ross County,38067,2009
"39 , 143",OH,Sandusky County,41619,2009
"39 , 145",OH,Scioto County,29216,2009
"39 , 147",OH,Seneca County,38736,2009
"39 , 149",OH,Shelby County,45580,2009
"39 , 151",OH,Stark County,40347,2009
"39 , 153",OH,Summit County,42843,2009
"39 , 155",OH,Trumbull County,38206,2009
"39 , 157",OH,Tuscarawas County,36803,2009
"39 , 159",OH,Union County,54470,2009
"39 , 161",OH,Van Wert County,40239,2009
"39 , 163",OH,Vinton County,31044,2009
"39 , 165",OH,Warren County,61931,2009
"39 , 167",OH,Washington County,35251,2009
"39 , 169",OH,Wayne County,42079,2009
"39 , 171",OH,Williams County,40623,2009
"39 , 173",OH,Wood County,45741,2009
"39 , 175",OH,Wyandot County,40819,2009
"39 , 1",OH,Adams County,30487,2010
"39 , 3",OH,Allen County,39069,2010
"39 , 5",OH,Ashland County,39953,2010
"39 , 7",OH,Ashtabula County,36034,2010
"39 , 9",OH,Athens County,29230,2010
"39 , 11",OH,Auglaize County,44763,2010
"39 , 13",OH,Belmont County,31559,2010
"39 , 15",OH,Brown County,40096,2010
"39 , 17",OH,Butler County,47954,2010
"39 , 19",OH,Carroll County,36270,2010
"39 , 21",OH,Champaign County,44351,2010
"39 , 23",OH,Clark County,40027,2010
"39 , 25",OH,Clermont County,51940,2010
"39 , 27",OH,Clinton County,41650,2010
"39 , 29",OH,Columbiana County,34732,2010
"39 , 31",OH,Coshocton County,35268,2010
"39 , 33",OH,Crawford County,37307,2010
"39 , 35",OH,Cuyahoga County,39551,2010
"39 , 37",OH,Darke County,40934,2010
"39 , 39",OH,Defiance County,45434,2010
"39 , 41",OH,Delaware County,73375,2010
"39 , 43",OH,Erie County,43716,2010
"39 , 45",OH,Fairfield County,51300,2010
"39 , 47",OH,Fayette County,39126,2010
"39 , 49",OH,Franklin County,44967,2010
"39 , 51",OH,Fulton County,46402,2010
"39 , 53",OH,Gallia County,32233,2010
"39 , 55",OH,Geauga County,59235,2010
"39 , 57",OH,Greene County,50088,2010
"39 , 59",OH,Guernsey County,32165,2010
"39 , 61",OH,Hamilton County,44093,2010
"39 , 63",OH,Hancock County,44957,2010
"39 , 65",OH,Hardin County,35897,2010
"39 , 67",OH,Harrison County,31490,2010
"39 , 69",OH,Henry County,44296,2010
"39 , 71",OH,Highland County,36532,2010
"39 , 73",OH,Hocking County,35449,2010
"39 , 75",OH,Holmes County,38713,2010
"39 , 77",OH,Huron County,41234,2010
"39 , 79",OH,Jackson County,32024,2010
"39 , 81",OH,Jefferson County,32493,2010
"39 , 83",OH,Knox County,40829,2010
"39 , 85",OH,Lake County,48452,2010
"39 , 87",OH,Lawrence County,30158,2010
"39 , 89",OH,Licking County,46494,2010
"39 , 91",OH,Logan County,43487,2010
"39 , 93",OH,Lorain County,45051,2010
"39 , 95",OH,Lucas County,40172,2010
"39 , 97",OH,Madison County,44626,2010
"39 , 99",OH,Mahoning County,36413,2010
"39 , 101",OH,Marion County,39378,2010
"39 , 103",OH,Medina County,57539,2010
"39 , 105",OH,Meigs County,27849,2010
"39 , 107",OH,Mercer County,44830,2010
"39 , 109",OH,Miami County,44811,2010
"39 , 111",OH,Monroe County,33436,2010
"39 , 113",OH,Montgomery County,41283,2010
"39 , 115",OH,Morgan County,31671,2010
"39 , 117",OH,Morrow County,42842,2010
"39 , 119",OH,Muskingum County,36120,2010
"39 , 121",OH,Noble County,32836,2010
"39 , 123",OH,Ottawa County,45638,2010
"39 , 125",OH,Paulding County,40382,2010
"39 , 127",OH,Perry County,35162,2010
"39 , 129",OH,Pickaway County,42686,2010
"39 , 131",OH,Pike County,32951,2010
"39 , 133",OH,Portage County,44615,2010
"39 , 135",OH,Preble County,41895,2010
"39 , 137",OH,Putnam County,48174,2010
"39 , 139",OH,Richland County,38595,2010
"39 , 141",OH,Ross County,38067,2010
"39 , 143",OH,Sandusky County,41619,2010
"39 , 145",OH,Scioto County,29216,2010
"39 , 147",OH,Seneca County,38736,2010
"39 , 149",OH,Shelby County,45580,2010
"39 , 151",OH,Stark County,40347,2010
"39 , 153",OH,Summit County,42843,2010
"39 , 155",OH,Trumbull County,38206,2010
"39 , 157",OH,Tuscarawas County,36803,2010
"39 , 159",OH,Union County,54470,2010
"39 , 161",OH,Van Wert County,40239,2010
"39 , 163",OH,Vinton County,31044,2010
"39 , 165",OH,Warren County,61931,2010
"39 , 167",OH,Washington County,35251,2010
"39 , 169",OH,Wayne County,42079,2010
"39 , 171",OH,Williams County,40623,2010
"39 , 173",OH,Wood County,45741,2010
"39 , 175",OH,Wyandot County,40819,2010
"39 , 1",OH,Adams County,30487,2011
"39 , 3",OH,Allen County,39069,2011
"39 , 5",OH,Ashland County,39953,2011
"39 , 7",OH,Ashtabula County,36034,2011
"39 , 9",OH,Athens County,29230,2011
"39 , 11",OH,Auglaize County,44763,2011
"39 , 13",OH,Belmont County,31559,2011
"39 , 15",OH,Brown County,40096,2011
"39 , 17",OH,Butler County,47954,2011
"39 , 19",OH,Carroll County,36270,2011
"39 , 21",OH,Champaign County,44351,2011
"39 , 23",OH,Clark County,40027,2011
"39 , 25",OH,Clermont County,51940,2011
"39 , 27",OH,Clinton County,41650,2011
"39 , 29",OH,Columbiana County,34732,2011
"39 , 31",OH,Coshocton County,35268,2011
"39 , 33",OH,Crawford County,37307,2011
"39 , 35",OH,Cuyahoga County,39551,2011
"39 , 37",OH,Darke County,40934,2011
"39 , 39",OH,Defiance County,45434,2011
"39 , 41",OH,Delaware County,73375,2011
"39 , 43",OH,Erie County,43716,2011
"39 , 45",OH,Fairfield County,51300,2011
"39 , 47",OH,Fayette County,39126,2011
"39 , 49",OH,Franklin County,44967,2011
"39 , 51",OH,Fulton County,46402,2011
"39 , 53",OH,Gallia County,32233,2011
"39 , 55",OH,Geauga County,59235,2011
"39 , 57",OH,Greene County,50088,2011
"39 , 59",OH,Guernsey County,32165,2011
"39 , 61",OH,Hamilton County,44093,2011
"39 , 63",OH,Hancock County,44957,2011
"39 , 65",OH,Hardin County,35897,2011
"39 , 67",OH,Harrison County,31490,2011
"39 , 69",OH,Henry County,44296,2011
"39 , 71",OH,Highland County,36532,2011
"39 , 73",OH,Hocking County,35449,2011
"39 , 75",OH,Holmes County,38713,2011
"39 , 77",OH,Huron County,41234,2011
"39 , 79",OH,Jackson County,32024,2011
"39 , 81",OH,Jefferson County,32493,2011
"39 , 83",OH,Knox County,40829,2011
"39 , 85",OH,Lake County,48452,2011
"39 , 87",OH,Lawrence County,30158,2011
"39 , 89",OH,Licking County,46494,2011
"39 , 91",OH,Logan County,43487,2011
"39 , 93",OH,Lorain County,45051,2011
"39 , 95",OH,Lucas County,40172,2011
"39 , 97",OH,Madison County,44626,2011
"39 , 99",OH,Mahoning County,36413,2011
"39 , 101",OH,Marion County,39378,2011
"39 , 103",OH,Medina County,57539,2011
"39 , 105",OH,Meigs County,27849,2011
"39 , 107",OH,Mercer County,44830,2011
"39 , 109",OH,Miami County,44811,2011
"39 , 111",OH,Monroe County,33436,2011
"39 , 113",OH,Montgomery County,41283,2011
"39 , 115",OH,Morgan County,31671,2011
"39 , 117",OH,Morrow County,42842,2011
"39 , 119",OH,Muskingum County,36120,2011
"39 , 121",OH,Noble County,32836,2011
"39 , 123",OH,Ottawa County,45638,2011
"39 , 125",OH,Paulding County,40382,2011
"39 , 127",OH,Perry County,35162,2011
"39 , 129",OH,Pickaway County,42686,2011
"39 , 131",OH,Pike County,32951,2011
"39 , 133",OH,Portage County,44615,2011
"39 , 135",OH,Preble County,41895,2011
"39 , 137",OH,Putnam County,48174,2011
"39 , 139",OH,Richland County,38595,2011
"39 , 141",OH,Ross County,38067,2011
"39 , 143",OH,Sandusky County,41619,2011
"39 , 145",OH,Scioto County,29216,2011
"39 , 147",OH,Seneca County,38736,2011
"39 , 149",OH,Shelby County,45580,2011
"39 , 151",OH,Stark County,40347,2011
"39 , 153",OH,Summit County,42843,2011
"39 , 155",OH,Trumbull County,38206,2011
"39 , 157",OH,Tuscarawas County,36803,2011
"39 , 159",OH,Union County,54470,2011
"39 , 161",OH,Van Wert County,40239,2011
"39 , 163",OH,Vinton County,31044,2011
"39 , 165",OH,Warren County,61931,2011
"39 , 167",OH,Washington County,35251,2011
"39 , 169",OH,Wayne County,42079,2011
"39 , 171",OH,Williams County,40623,2011
"39 , 173",OH,Wood County,45741,2011
"39 , 175",OH,Wyandot County,40819,2011
"39 , 1",OH,Adams County,30487,2012
"39 , 3",OH,Allen County,39069,2012
"39 , 5",OH,Ashland County,39953,2012
"39 , 7",OH,Ashtabula County,36034,2012
"39 , 9",OH,Athens County,29230,2012
"39 , 11",OH,Auglaize County,44763,2012
"39 , 13",OH,Belmont County,31559,2012
"39 , 15",OH,Brown County,40096,2012
"39 , 17",OH,Butler County,47954,2012
"39 , 19",OH,Carroll County,36270,2012
"39 , 21",OH,Champaign County,44351,2012
"39 , 23",OH,Clark County,40027,2012
"39 , 25",OH,Clermont County,51940,2012
"39 , 27",OH,Clinton County,41650,2012
"39 , 29",OH,Columbiana County,34732,2012
"39 , 31",OH,Coshocton County,35268,2012
"39 , 33",OH,Crawford County,37307,2012
"39 , 35",OH,Cuyahoga County,39551,2012
"39 , 37",OH,Darke County,40934,2012
"39 , 39",OH,Defiance County,45434,2012
"39 , 41",OH,Delaware County,73375,2012
"39 , 43",OH,Erie County,43716,2012
"39 , 45",OH,Fairfield County,51300,2012
"39 , 47",OH,Fayette County,39126,2012
"39 , 49",OH,Franklin County,44967,2012
"39 , 51",OH,Fulton County,46402,2012
"39 , 53",OH,Gallia County,32233,2012
"39 , 55",OH,Geauga County,59235,2012
"39 , 57",OH,Greene County,50088,2012
"39 , 59",OH,Guernsey County,32165,2012
"39 , 61",OH,Hamilton County,44093,2012
"39 , 63",OH,Hancock County,44957,2012
"39 , 65",OH,Hardin County,35897,2012
"39 , 67",OH,Harrison County,31490,2012
"39 , 69",OH,Henry County,44296,2012
"39 , 71",OH,Highland County,36532,2012
"39 , 73",OH,Hocking County,35449,2012
"39 , 75",OH,Holmes County,38713,2012
"39 , 77",OH,Huron County,41234,2012
"39 , 79",OH,Jackson County,32024,2012
"39 , 81",OH,Jefferson County,32493,2012
"39 , 83",OH,Knox County,40829,2012
"39 , 85",OH,Lake County,48452,2012
"39 , 87",OH,Lawrence County,30158,2012
"39 , 89",OH,Licking County,46494,2012
"39 , 91",OH,Logan County,43487,2012
"39 , 93",OH,Lorain County,45051,2012
"39 , 95",OH,Lucas County,40172,2012
"39 , 97",OH,Madison County,44626,2012
"39 , 99",OH,Mahoning County,36413,2012
"39 , 101",OH,Marion County,39378,2012
"39 , 103",OH,Medina County,57539,2012
"39 , 105",OH,Meigs County,27849,2012
"39 , 107",OH,Mercer County,44830,2012
"39 , 109",OH,Miami County,44811,2012
"39 , 111",OH,Monroe County,33436,2012
"39 , 113",OH,Montgomery County,41283,2012
"39 , 115",OH,Morgan County,31671,2012
"39 , 117",OH,Morrow County,42842,2012
"39 , 119",OH,Muskingum County,36120,2012
"39 , 121",OH,Noble County,32836,2012
"39 , 123",OH,Ottawa County,45638,2012
"39 , 125",OH,Paulding County,40382,2012
"39 , 127",OH,Perry County,35162,2012
"39 , 129",OH,Pickaway County,42686,2012
"39 , 131",OH,Pike County,32951,2012
"39 , 133",OH,Portage County,44615,2012
"39 , 135",OH,Preble County,41895,2012
"39 , 137",OH,Putnam County,48174,2012
"39 , 139",OH,Richland County,38595,2012
"39 , 141",OH,Ross County,38067,2012
"39 , 143",OH,Sandusky County,41619,2012
"39 , 145",OH,Scioto County,29216,2012
"39 , 147",OH,Seneca County,38736,2012
"39 , 149",OH,Shelby County,45580,2012
"39 , 151",OH,Stark County,40347,2012
"39 , 153",OH,Summit County,42843,2012
"39 , 155",OH,Trumbull County,38206,2012
"39 , 157",OH,Tuscarawas County,36803,2012
"39 , 159",OH,Union County,54470,2012
"39 , 161",OH,Van Wert County,40239,2012
"39 , 163",OH,Vinton County,31044,2012
"39 , 165",OH,Warren County,61931,2012
"39 , 167",OH,Washington County,35251,2012
"39 , 169",OH,Wayne County,42079,2012
"39 , 171",OH,Williams County,40623,2012
"39 , 173",OH,Wood County,45741,2012
"39 , 175",OH,Wyandot County,40819,2012
"39 , 1",OH,Adams County,30487,2013
"39 , 3",OH,Allen County,39069,2013
"39 , 5",OH,Ashland County,39953,2013
"39 , 7",OH,Ashtabula County,36034,2013
"39 , 9",OH,Athens County,29230,2013
"39 , 11",OH,Auglaize County,44763,2013
"39 , 13",OH,Belmont County,31559,2013
"39 , 15",OH,Brown County,40096,2013
"39 , 17",OH,Butler County,47954,2013
"39 , 19",OH,Carroll County,36270,2013
"39 , 21",OH,Champaign County,44351,2013
"39 , 23",OH,Clark County,40027,2013
"39 , 25",OH,Clermont County,51940,2013
"39 , 27",OH,Clinton County,41650,2013
"39 , 29",OH,Columbiana County,34732,2013
"39 , 31",OH,Coshocton County,35268,2013
"39 , 33",OH,Crawford County,37307,2013
"39 , 35",OH,Cuyahoga County,39551,2013
"39 , 37",OH,Darke County,40934,2013
"39 , 39",OH,Defiance County,45434,2013
"39 , 41",OH,Delaware County,73375,2013
"39 , 43",OH,Erie County,43716,2013
"39 , 45",OH,Fairfield County,51300,2013
"39 , 47",OH,Fayette County,39126,2013
"39 , 49",OH,Franklin County,44967,2013
"39 , 51",OH,Fulton County,46402,2013
"39 , 53",OH,Gallia County,32233,2013
"39 , 55",OH,Geauga County,59235,2013
"39 , 57",OH,Greene County,50088,2013
"39 , 59",OH,Guernsey County,32165,2013
"39 , 61",OH,Hamilton County,44093,2013
"39 , 63",OH,Hancock County,44957,2013
"39 , 65",OH,Hardin County,35897,2013
"39 , 67",OH,Harrison County,31490,2013
"39 , 69",OH,Henry County,44296,2013
"39 , 71",OH,Highland County,36532,2013
"39 , 73",OH,Hocking County,35449,2013
"39 , 75",OH,Holmes County,38713,2013
"39 , 77",OH,Huron County,41234,2013
"39 , 79",OH,Jackson County,32024,2013
"39 , 81",OH,Jefferson County,32493,2013
"39 , 83",OH,Knox County,40829,2013
"39 , 85",OH,Lake County,48452,2013
"39 , 87",OH,Lawrence County,30158,2013
"39 , 89",OH,Licking County,46494,2013
"39 , 91",OH,Logan County,43487,2013
"39 , 93",OH,Lorain County,45051,2013
"39 , 95",OH,Lucas County,40172,2013
"39 , 97",OH,Madison County,44626,2013
"39 , 99",OH,Mahoning County,36413,2013
"39 , 101",OH,Marion County,39378,2013
"39 , 103",OH,Medina County,57539,2013
"39 , 105",OH,Meigs County,27849,2013
"39 , 107",OH,Mercer County,44830,2013
"39 , 109",OH,Miami County,44811,2013
"39 , 111",OH,Monroe County,33436,2013
"39 , 113",OH,Montgomery County,41283,2013
"39 , 115",OH,Morgan County,31671,2013
"39 , 117",OH,Morrow County,42842,2013
"39 , 119",OH,Muskingum County,36120,2013
"39 , 121",OH,Noble County,32836,2013
"39 , 123",OH,Ottawa County,45638,2013
"39 , 125",OH,Paulding County,40382,2013
"39 , 127",OH,Perry County,35162,2013
"39 , 129",OH,Pickaway County,42686,2013
"39 , 131",OH,Pike County,32951,2013
"39 , 133",OH,Portage County,44615,2013
"39 , 135",OH,Preble County,41895,2013
"39 , 137",OH,Putnam County,48174,2013
"39 , 139",OH,Richland County,38595,2013
"39 , 141",OH,Ross County,38067,2013
"39 , 143",OH,Sandusky County,41619,2013
"39 , 145",OH,Scioto County,29216,2013
"39 , 147",OH,Seneca County,38736,2013
"39 , 149",OH,Shelby County,45580,2013
"39 , 151",OH,Stark County,40347,2013
"39 , 153",OH,Summit County,42843,2013
"39 , 155",OH,Trumbull County,38206,2013
"39 , 157",OH,Tuscarawas County,36803,2013
"39 , 159",OH,Union County,54470,2013
"39 , 161",OH,Van Wert County,40239,2013
"39 , 163",OH,Vinton County,31044,2013
"39 , 165",OH,Warren County,61931,2013
"39 , 167",OH,Washington County,35251,2013
"39 , 169",OH,Wayne County,42079,2013
"39 , 171",OH,Williams County,40623,2013
"39 , 173",OH,Wood County,45741,2013
"39 , 175",OH,Wyandot County,40819,2013
"39 , 1",OH,Adams County,30487,2014
"39 , 3",OH,Allen County,39069,2014
"39 , 5",OH,Ashland County,39953,2014
"39 , 7",OH,Ashtabula County,36034,2014
"39 , 9",OH,Athens County,29230,2014
"39 , 11",OH,Auglaize County,44763,2014
"39 , 13",OH,Belmont County,31559,2014
"39 , 15",OH,Brown County,40096,2014
"39 , 17",OH,Butler County,47954,2014
"39 , 19",OH,Carroll County,36270,2014
"39 , 21",OH,Champaign County,44351,2014
"39 , 23",OH,Clark County,40027,2014
"39 , 25",OH,Clermont County,51940,2014
"39 , 27",OH,Clinton County,41650,2014
"39 , 29",OH,Columbiana County,34732,2014
"39 , 31",OH,Coshocton County,35268,2014
"39 , 33",OH,Crawford County,37307,2014
"39 , 35",OH,Cuyahoga County,39551,2014
"39 , 37",OH,Darke County,40934,2014
"39 , 39",OH,Defiance County,45434,2014
"39 , 41",OH,Delaware County,73375,2014
"39 , 43",OH,Erie County,43716,2014
"39 , 45",OH,Fairfield County,51300,2014
"39 , 47",OH,Fayette County,39126,2014
"39 , 49",OH,Franklin County,44967,2014
"39 , 51",OH,Fulton County,46402,2014
"39 , 53",OH,Gallia County,32233,2014
"39 , 55",OH,Geauga County,59235,2014
"39 , 57",OH,Greene County,50088,2014
"39 , 59",OH,Guernsey County,32165,2014
"39 , 61",OH,Hamilton County,44093,2014
"39 , 63",OH,Hancock County,44957,2014
"39 , 65",OH,Hardin County,35897,2014
"39 , 67",OH,Harrison County,31490,2014
"39 , 69",OH,Henry County,44296,2014
"39 , 71",OH,Highland County,36532,2014
"39 , 73",OH,Hocking County,35449,2014
"39 , 75",OH,Holmes County,38713,2014
"39 , 77",OH,Huron County,41234,2014
"39 , 79",OH,Jackson County,32024,2014
"39 , 81",OH,Jefferson County,32493,2014
"39 , 83",OH,Knox County,40829,2014
"39 , 85",OH,Lake County,48452,2014
"39 , 87",OH,Lawrence County,30158,2014
"39 , 89",OH,Licking County,46494,2014
"39 , 91",OH,Logan County,43487,2014
"39 , 93",OH,Lorain County,45051,2014
"39 , 95",OH,Lucas County,40172,2014
"39 , 97",OH,Madison County,44626,2014
"39 , 99",OH,Mahoning County,36413,2014
"39 , 101",OH,Marion County,39378,2014
"39 , 103",OH,Medina County,57539,2014
"39 , 105",OH,Meigs County,27849,2014
"39 , 107",OH,Mercer County,44830,2014
"39 , 109",OH,Miami County,44811,2014
"39 , 111",OH,Monroe County,33436,2014
"39 , 113",OH,Montgomery County,41283,2014
"39 , 115",OH,Morgan County,31671,2014
"39 , 117",OH,Morrow County,42842,2014
"39 , 119",OH,Muskingum County,36120,2014
"39 , 121",OH,Noble County,32836,2014
"39 , 123",OH,Ottawa County,45638,2014
"39 , 125",OH,Paulding County,40382,2014
"39 , 127",OH,Perry County,35162,2014
"39 , 129",OH,Pickaway County,42686,2014
"39 , 131",OH,Pike County,32951,2014
"39 , 133",OH,Portage County,44615,2014
"39 , 135",OH,Preble County,41895,2014
"39 , 137",OH,Putnam County,48174,2014
"39 , 139",OH,Richland County,38595,2014
"39 , 141",OH,Ross County,38067,2014
"39 , 143",OH,Sandusky County,41619,2014
"39 , 145",OH,Scioto County,29216,2014
"39 , 147",OH,Seneca County,38736,2014
"39 , 149",OH,Shelby County,45580,2014
"39 , 151",OH,Stark County,40347,2014
"39 , 153",OH,Summit County,42843,2014
"39 , 155",OH,Trumbull County,38206,2014
"39 , 157",OH,Tuscarawas County,36803,2014
"39 , 159",OH,Union County,54470,2014
"39 , 161",OH,Van Wert County,40239,2014
"39 , 163",OH,Vinton County,31044,2014
"39 , 165",OH,Warren County,61931,2014
"39 , 167",OH,Washington County,35251,2014
"39 , 169",OH,Wayne County,42079,2014
"39 , 171",OH,Williams County,40623,2014
"39 , 173",OH,Wood County,45741,2014
"39 , 175",OH,Wyandot County,40819,2014
"39 , 1",OH,Adams County,30487,2015
"39 , 3",OH,Allen County,39069,2015
"39 , 5",OH,Ashland County,39953,2015
"39 , 7",OH,Ashtabula County,36034,2015
"39 , 9",OH,Athens County,29230,2015
"39 , 11",OH,Auglaize County,44763,2015
"39 , 13",OH,Belmont County,31559,2015
"39 , 15",OH,Brown County,40096,2015
"39 , 17",OH,Butler County,47954,2015
"39 , 19",OH,Carroll County,36270,2015
"39 , 21",OH,Champaign County,44351,2015
"39 , 23",OH,Clark County,40027,2015
"39 , 25",OH,Clermont County,51940,2015
"39 , 27",OH,Clinton County,41650,2015
"39 , 29",OH,Columbiana County,34732,2015
"39 , 31",OH,Coshocton County,35268,2015
"39 , 33",OH,Crawford County,37307,2015
"39 , 35",OH,Cuyahoga County,39551,2015
"39 , 37",OH,Darke County,40934,2015
"39 , 39",OH,Defiance County,45434,2015
"39 , 41",OH,Delaware County,73375,2015
"39 , 43",OH,Erie County,43716,2015
"39 , 45",OH,Fairfield County,51300,2015
"39 , 47",OH,Fayette County,39126,2015
"39 , 49",OH,Franklin County,44967,2015
"39 , 51",OH,Fulton County,46402,2015
"39 , 53",OH,Gallia County,32233,2015
"39 , 55",OH,Geauga County,59235,2015
"39 , 57",OH,Greene County,50088,2015
"39 , 59",OH,Guernsey County,32165,2015
"39 , 61",OH,Hamilton County,44093,2015
"39 , 63",OH,Hancock County,44957,2015
"39 , 65",OH,Hardin County,35897,2015
"39 , 67",OH,Harrison County,31490,2015
"39 , 69",OH,Henry County,44296,2015
"39 , 71",OH,Highland County,36532,2015
"39 , 73",OH,Hocking County,35449,2015
"39 , 75",OH,Holmes County,38713,2015
"39 , 77",OH,Huron County,41234,2015
"39 , 79",OH,Jackson County,32024,2015
"39 , 81",OH,Jefferson County,32493,2015
"39 , 83",OH,Knox County,40829,2015
"39 , 85",OH,Lake County,48452,2015
"39 , 87",OH,Lawrence County,30158,2015
"39 , 89",OH,Licking County,46494,2015
"39 , 91",OH,Logan County,43487,2015
"39 , 93",OH,Lorain County,45051,2015
"39 , 95",OH,Lucas County,40172,2015
"39 , 97",OH,Madison County,44626,2015
"39 , 99",OH,Mahoning County,36413,2015
"39 , 101",OH,Marion County,39378,2015
"39 , 103",OH,Medina County,57539,2015
"39 , 105",OH,Meigs County,27849,2015
"39 , 107",OH,Mercer County,44830,2015
"39 , 109",OH,Miami County,44811,2015
"39 , 111",OH,Monroe County,33436,2015
"39 , 113",OH,Montgomery County,41283,2015
"39 , 115",OH,Morgan County,31671,2015
"39 , 117",OH,Morrow County,42842,2015
"39 , 119",OH,Muskingum County,36120,2015
"39 , 121",OH,Noble County,32836,2015
"39 , 123",OH,Ottawa County,45638,2015
"39 , 125",OH,Paulding County,40382,2015
"39 , 127",OH,Perry County,35162,2015
"39 , 129",OH,Pickaway County,42686,2015
"39 , 131",OH,Pike County,32951,2015
"39 , 133",OH,Portage County,44615,2015
"39 , 135",OH,Preble County,41895,2015
"39 , 137",OH,Putnam County,48174,2015
"39 , 139",OH,Richland County,38595,2015
"39 , 141",OH,Ross County,38067,2015
"39 , 143",OH,Sandusky County,41619,2015
"39 , 145",OH,Scioto County,29216,2015
"39 , 147",OH,Seneca County,38736,2015
"39 , 149",OH,Shelby County,45580,2015
"39 , 151",OH,Stark County,40347,2015
"39 , 153",OH,Summit County,42843,2015
"39 , 155",OH,Trumbull County,38206,2015
"39 , 157",OH,Tuscarawas County,36803,2015
"39 , 159",OH,Union County,54470,2015
"39 , 161",OH,Van Wert County,40239,2015
"39 , 163",OH,Vinton County,31044,2015
"39 , 165",OH,Warren County,61931,2015
"39 , 167",OH,Washington County,35251,2015
"39 , 169",OH,Wayne County,42079,2015
"39 , 171",OH,Williams County,40623,2015
"39 , 173",OH,Wood County,45741,2015
"39 , 175",OH,Wyandot County,40819,2015
"39 , 1",OH,Adams County,30487,2016
"39 , 3",OH,Allen County,39069,2016
"39 , 5",OH,Ashland County,39953,2016
"39 , 7",OH,Ashtabula County,36034,2016
"39 , 9",OH,Athens County,29230,2016
"39 , 11",OH,Auglaize County,44763,2016
"39 , 13",OH,Belmont County,31559,2016
"39 , 15",OH,Brown County,40096,2016
"39 , 17",OH,Butler County,47954,2016
"39 , 19",OH,Carroll County,36270,2016
"39 , 21",OH,Champaign County,44351,2016
"39 , 23",OH,Clark County,40027,2016
"39 , 25",OH,Clermont County,51940,2016
"39 , 27",OH,Clinton County,41650,2016
"39 , 29",OH,Columbiana County,34732,2016
"39 , 31",OH,Coshocton County,35268,2016
"39 , 33",OH,Crawford County,37307,2016
"39 , 35",OH,Cuyahoga County,39551,2016
"39 , 37",OH,Darke County,40934,2016
"39 , 39",OH,Defiance County,45434,2016
"39 , 41",OH,Delaware County,73375,2016
"39 , 43",OH,Erie County,43716,2016
"39 , 45",OH,Fairfield County,51300,2016
"39 , 47",OH,Fayette County,39126,2016
"39 , 49",OH,Franklin County,44967,2016
"39 , 51",OH,Fulton County,46402,2016
"39 , 53",OH,Gallia County,32233,2016
"39 , 55",OH,Geauga County,59235,2016
"39 , 57",OH,Greene County,50088,2016
"39 , 59",OH,Guernsey County,32165,2016
"39 , 61",OH,Hamilton County,44093,2016
"39 , 63",OH,Hancock County,44957,2016
"39 , 65",OH,Hardin County,35897,2016
"39 , 67",OH,Harrison County,31490,2016
"39 , 69",OH,Henry County,44296,2016
"39 , 71",OH,Highland County,36532,2016
"39 , 73",OH,Hocking County,35449,2016
"39 , 75",OH,Holmes County,38713,2016
"39 , 77",OH,Huron County,41234,2016
"39 , 79",OH,Jackson County,32024,2016
"39 , 81",OH,Jefferson County,32493,2016
"39 , 83",OH,Knox County,40829,2016
"39 , 85",OH,Lake County,48452,2016
"39 , 87",OH,Lawrence County,30158,2016
"39 , 89",OH,Licking County,46494,2016
"39 , 91",OH,Logan County,43487,2016
"39 , 93",OH,Lorain County,45051,2016
"39 , 95",OH,Lucas County,40172,2016
"39 , 97",OH,Madison County,44626,2016
"39 , 99",OH,Mahoning County,36413,2016
"39 , 101",OH,Marion County,39378,2016
"39 , 103",OH,Medina County,57539,2016
"39 , 105",OH,Meigs County,27849,2016
"39 , 107",OH,Mercer County,44830,2016
"39 , 109",OH,Miami County,44811,2016
"39 , 111",OH,Monroe County,33436,2016
"39 , 113",OH,Montgomery County,41283,2016
"39 , 115",OH,Morgan County,31671,2016
"39 , 117",OH,Morrow County,42842,2016
"39 , 119",OH,Muskingum County,36120,2016
"39 , 121",OH,Noble County,32836,2016
"39 , 123",OH,Ottawa County,45638,2016
"39 , 125",OH,Paulding County,40382,2016
"39 , 127",OH,Perry County,35162,2016
"39 , 129",OH,Pickaway County,42686,2016
"39 , 131",OH,Pike County,32951,2016
"39 , 133",OH,Portage County,44615,2016
"39 , 135",OH,Preble County,41895,2016
"39 , 137",OH,Putnam County,48174,2016
"39 , 139",OH,Richland County,38595,2016
"39 , 141",OH,Ross County,38067,2016
"39 , 143",OH,Sandusky County,41619,2016
"39 , 145",OH,Scioto County,29216,2016
"39 , 147",OH,Seneca County,38736,2016
"39 , 149",OH,Shelby County,45580,2016
"39 , 151",OH,Stark County,40347,2016
"39 , 153",OH,Summit County,42843,2016
"39 , 155",OH,Trumbull County,38206,2016
"39 , 157",OH,Tuscarawas County,36803,2016
"39 , 159",OH,Union County,54470,2016
"39 , 161",OH,Van Wert County,40239,2016
"39 , 163",OH,Vinton County,31044,2016
"39 , 165",OH,Warren County,61931,2016
"39 , 167",OH,Washington County,35251,2016
"39 , 169",OH,Wayne County,42079,2016
"39 , 171",OH,Williams County,40623,2016
"39 , 173",OH,Wood County,45741,2016
"39 , 175",OH,Wyandot County,40819,2016
"39 , 1",OH,Adams County,30487,2017
"39 , 3",OH,Allen County,39069,2017
"39 , 5",OH,Ashland County,39953,2017
"39 , 7",OH,Ashtabula County,36034,2017
"39 , 9",OH,Athens County,29230,2017
"39 , 11",OH,Auglaize County,44763,2017
"39 , 13",OH,Belmont County,31559,2017
"39 , 15",OH,Brown County,40096,2017
"39 , 17",OH,Butler County,47954,2017
"39 , 19",OH,Carroll County,36270,2017
"39 , 21",OH,Champaign County,44351,2017
"39 , 23",OH,Clark County,40027,2017
"39 , 25",OH,Clermont County,51940,2017
"39 , 27",OH,Clinton County,41650,2017
"39 , 29",OH,Columbiana County,34732,2017
"39 , 31",OH,Coshocton County,35268,2017
"39 , 33",OH,Crawford County,37307,2017
"39 , 35",OH,Cuyahoga County,39551,2017
"39 , 37",OH,Darke County,40934,2017
"39 , 39",OH,Defiance County,45434,2017
"39 , 41",OH,Delaware County,73375,2017
"39 , 43",OH,Erie County,43716,2017
"39 , 45",OH,Fairfield County,51300,2017
"39 , 47",OH,Fayette County,39126,2017
"39 , 49",OH,Franklin County,44967,2017
"39 , 51",OH,Fulton County,46402,2017
"39 , 53",OH,Gallia County,32233,2017
"39 , 55",OH,Geauga County,59235,2017
"39 , 57",OH,Greene County,50088,2017
"39 , 59",OH,Guernsey County,32165,2017
"39 , 61",OH,Hamilton County,44093,2017
"39 , 63",OH,Hancock County,44957,2017
"39 , 65",OH,Hardin County,35897,2017
"39 , 67",OH,Harrison County,31490,2017
"39 , 69",OH,Henry County,44296,2017
"39 , 71",OH,Highland County,36532,2017
"39 , 73",OH,Hocking County,35449,2017
"39 , 75",OH,Holmes County,38713,2017
"39 , 77",OH,Huron County,41234,2017
"39 , 79",OH,Jackson County,32024,2017
"39 , 81",OH,Jefferson County,32493,2017
"39 , 83",OH,Knox County,40829,2017
"39 , 85",OH,Lake County,48452,2017
"39 , 87",OH,Lawrence County,30158,2017
"39 , 89",OH,Licking County,46494,2017
"39 , 91",OH,Logan County,43487,2017
"39 , 93",OH,Lorain County,45051,2017
"39 , 95",OH,Lucas County,40172,2017
"39 , 97",OH,Madison County,44626,2017
"39 , 99",OH,Mahoning County,36413,2017
"39 , 101",OH,Marion County,39378,2017
"39 , 103",OH,Medina County,57539,2017
"39 , 105",OH,Meigs County,27849,2017
"39 , 107",OH,Mercer County,44830,2017
"39 , 109",OH,Miami County,44811,2017
"39 , 111",OH,Monroe County,33436,2017
"39 , 113",OH,Montgomery County,41283,2017
"39 , 115",OH,Morgan County,31671,2017
"39 , 117",OH,Morrow County,42842,2017
"39 , 119",OH,Muskingum County,36120,2017
"39 , 121",OH,Noble County,32836,2017
"39 , 123",OH,Ottawa County,45638,2017
"39 , 125",OH,Paulding County,40382,2017
"39 , 127",OH,Perry County,35162,2017
"39 , 129",OH,Pickaway County,42686,2017
"39 , 131",OH,Pike County,32951,2017
"39 , 133",OH,Portage County,44615,2017
"39 , 135",OH,Preble County,41895,2017
"39 , 137",OH,Putnam County,48174,2017
"39 , 139",OH,Richland County,38595,2017
"39 , 141",OH,Ross County,38067,2017
"39 , 143",OH,Sandusky County,41619,2017
"39 , 145",OH,Scioto County,29216,2017
"39 , 147",OH,Seneca County,38736,2017
"39 , 149",OH,Shelby County,45580,2017
"39 , 151",OH,Stark County,40347,2017
"39 , 153",OH,Summit County,42843,2017
"39 , 155",OH,Trumbull County,38206,2017
"39 , 157",OH,Tuscarawas County,36803,2017
"39 , 159",OH,Union County,54470,2017
"39 , 161",OH,Van Wert County,40239,2017
"39 , 163",OH,Vinton County,31044,2017
"39 , 165",OH,Warren County,61931,2017
"39 , 167",OH,Washington County,35251,2017
"39 , 169",OH,Wayne County,42079,2017
"39 , 171",OH,Williams County,40623,2017
"39 , 173",OH,Wood County,45741,2017
"39 , 175",OH,Wyandot County,40819,2017
"39 , 1",OH,Adams County,30487,2018
"39 , 3",OH,Allen County,39069,2018
"39 , 5",OH,Ashland County,39953,2018
"39 , 7",OH,Ashtabula County,36034,2018
"39 , 9",OH,Athens County,29230,2018
"39 , 11",OH,Auglaize County,44763,2018
"39 , 13",OH,Belmont County,31559,2018
"39 , 15",OH,Brown County,40096,2018
"39 , 17",OH,Butler County,47954,2018
"39 , 19",OH,Carroll County,36270,2018
"39 , 21",OH,Champaign County,44351,2018
"39 , 23",OH,Clark County,40027,2018
"39 , 25",OH,Clermont County,51940,2018
"39 , 27",OH,Clinton County,41650,2018
"39 , 29",OH,Columbiana County,34732,2018
"39 , 31",OH,Coshocton County,35268,2018
"39 , 33",OH,Crawford County,37307,2018
"39 , 35",OH,Cuyahoga County,39551,2018
"39 , 37",OH,Darke County,40934,2018
"39 , 39",OH,Defiance County,45434,2018
"39 , 41",OH,Delaware County,73375,2018
"39 , 43",OH,Erie County,43716,2018
"39 , 45",OH,Fairfield County,51300,2018
"39 , 47",OH,Fayette County,39126,2018
"39 , 49",OH,Franklin County,44967,2018
"39 , 51",OH,Fulton County,46402,2018
"39 , 53",OH,Gallia County,32233,2018
"39 , 55",OH,Geauga County,59235,2018
"39 , 57",OH,Greene County,50088,2018
"39 , 59",OH,Guernsey County,32165,2018
"39 , 61",OH,Hamilton County,44093,2018
"39 , 63",OH,Hancock County,44957,2018
"39 , 65",OH,Hardin County,35897,2018
"39 , 67",OH,Harrison County,31490,2018
"39 , 69",OH,Henry County,44296,2018
"39 , 71",OH,Highland County,36532,2018
"39 , 73",OH,Hocking County,35449,2018
"39 , 75",OH,Holmes County,38713,2018
"39 , 77",OH,Huron County,41234,2018
"39 , 79",OH,Jackson County,32024,2018
"39 , 81",OH,Jefferson County,32493,2018
"39 , 83",OH,Knox County,40829,2018
"39 , 85",OH,Lake County,48452,2018
"39 , 87",OH,Lawrence County,30158,2018
"39 , 89",OH,Licking County,46494,2018
"39 , 91",OH,Logan County,43487,2018
"39 , 93",OH,Lorain County,45051,2018
"39 , 95",OH,Lucas County,40172,2018
"39 , 97",OH,Madison County,44626,2018
"39 , 99",OH,Mahoning County,36413,2018
"39 , 101",OH,Marion County,39378,2018
"39 , 103",OH,Medina County,57539,2018
"39 , 105",OH,Meigs County,27849,2018
"39 , 107",OH,Mercer County,44830,2018
"39 , 109",OH,Miami County,44811,2018
"39 , 111",OH,Monroe County,33436,2018
"39 , 113",OH,Montgomery County,41283,2018
"39 , 115",OH,Morgan County,31671,2018
"39 , 117",OH,Morrow County,42842,2018
"39 , 119",OH,Muskingum County,36120,2018
"39 , 121",OH,Noble County,32836,2018
"39 , 123",OH,Ottawa County,45638,2018
"39 , 125",OH,Paulding County,40382,2018
"39 , 127",OH,Perry County,35162,2018
"39 , 129",OH,Pickaway County,42686,2018
"39 , 131",OH,Pike County,32951,2018
"39 , 133",OH,Portage County,44615,2018
"39 , 135",OH,Preble County,41895,2018
"39 , 137",OH,Putnam County,48174,2018
"39 , 139",OH,Richland County,38595,2018
"39 , 141",OH,Ross County,38067,2018
"39 , 143",OH,Sandusky County,41619,2018
"39 , 145",OH,Scioto County,29216,2018
"39 , 147",OH,Seneca County,38736,2018
"39 , 149",OH,Shelby County,45580,2018
"39 , 151",OH,Stark County,40347,2018
"39 , 153",OH,Summit County,42843,2018
"39 , 155",OH,Trumbull County,38206,2018
"39 , 157",OH,Tuscarawas County,36803,2018
"39 , 159",OH,Union County,54470,2018
"39 , 161",OH,Van Wert County,40239,2018
"39 , 163",OH,Vinton County,31044,2018
"39 , 165",OH,Warren County,61931,2018
"39 , 167",OH,Washington County,35251,2018
"39 , 169",OH,Wayne County,42079,2018
"39 , 171",OH,Williams County,40623,2018
"39 , 173",OH,Wood County,45741,2018
"39 , 175",OH,Wyandot County,40819,2018
